-- MySQL dump 10.13  Distrib 5.7.25, for Linux (x86_64)
--
-- Host: localhost    Database: contactos
-- ------------------------------------------------------
-- Server version	5.7.25-0ubuntu0.18.04.2

/*!40101 SET @OLD_CHARACTER_SET_CLIENT=@@CHARACTER_SET_CLIENT */;
/*!40101 SET @OLD_CHARACTER_SET_RESULTS=@@CHARACTER_SET_RESULTS */;
/*!40101 SET @OLD_COLLATION_CONNECTION=@@COLLATION_CONNECTION */;
/*!40101 SET NAMES utf8 */;
/*!40103 SET @OLD_TIME_ZONE=@@TIME_ZONE */;
/*!40103 SET TIME_ZONE='+00:00' */;
/*!40014 SET @OLD_UNIQUE_CHECKS=@@UNIQUE_CHECKS, UNIQUE_CHECKS=0 */;
/*!40014 SET @OLD_FOREIGN_KEY_CHECKS=@@FOREIGN_KEY_CHECKS, FOREIGN_KEY_CHECKS=0 */;
/*!40101 SET @OLD_SQL_MODE=@@SQL_MODE, SQL_MODE='NO_AUTO_VALUE_ON_ZERO' */;
/*!40111 SET @OLD_SQL_NOTES=@@SQL_NOTES, SQL_NOTES=0 */;

--
-- Table structure for table `anuncios`
--

DROP TABLE IF EXISTS `anuncios`;
/*!40101 SET @saved_cs_client     = @@character_set_client */;
/*!40101 SET character_set_client = utf8 */;
CREATE TABLE `anuncios` (
  `idanuncio` int(10) unsigned NOT NULL AUTO_INCREMENT,
  `titulo` varchar(255) COLLATE utf8_unicode_ci NOT NULL,
  `descripcion` varchar(255) COLLATE utf8_unicode_ci NOT NULL,
  `fechainicio` date DEFAULT NULL,
  `fechafinal` date DEFAULT NULL,
  `activo` tinyint(1) NOT NULL,
  `idusuario` int(10) unsigned NOT NULL,
  `created_at` timestamp NULL DEFAULT NULL,
  `updated_at` timestamp NULL DEFAULT NULL,
  `ult_muestra` date DEFAULT NULL,
  `horainicial` time DEFAULT NULL,
  `horafinal` time DEFAULT NULL,
  `reservaactiva` tinyint(4) DEFAULT NULL,
  `idpelos` int(11) DEFAULT NULL,
  `idojos` int(11) DEFAULT NULL,
  `idestatura` int(11) DEFAULT NULL,
  PRIMARY KEY (`idanuncio`),
  KEY `anuncios_idusuario_foreign` (`idusuario`),
  CONSTRAINT `anuncios_idusuario_foreign` FOREIGN KEY (`idusuario`) REFERENCES `users` (`id`)
) ENGINE=InnoDB AUTO_INCREMENT=38 DEFAULT CHARSET=utf8 COLLATE=utf8_unicode_ci;
/*!40101 SET character_set_client = @saved_cs_client */;

--
-- Dumping data for table `anuncios`
--

LOCK TABLES `anuncios` WRITE;
/*!40000 ALTER TABLE `anuncios` DISABLE KEYS */;
INSERT INTO `anuncios` VALUES (23,'ANE ESPAÑOLA PAMP','LKADSJF',NULL,NULL,0,1022,NULL,NULL,'2018-11-13',NULL,NULL,NULL,1,1,1),(24,'ADSFADSF ALCO','LKAJDSF',NULL,NULL,0,1022,NULL,NULL,'2018-11-29',NULL,NULL,NULL,2,2,2),(25,'TOTALMENTE FUNCIONAL','LKJADSF',NULL,NULL,0,1022,NULL,NULL,'2018-11-29',NULL,NULL,NULL,2,3,1),(29,'mas y mas','asdfasdf','2018-05-16','2018-05-18',0,1022,NULL,NULL,'2018-11-13',NULL,NULL,NULL,1,1,2),(30,'alkdsj flkasjd f','lkjasdf prueba 1',NULL,NULL,0,1020,NULL,NULL,'2018-11-17',NULL,NULL,NULL,3,2,1),(31,'PRUEBA','LKJASDF',NULL,NULL,0,1022,NULL,NULL,'2018-11-30',NULL,NULL,NULL,4,3,2),(32,'PEDRO PRIMERO EL SABIO','EL SABIO?','2018-11-19','2018-11-19',0,1026,NULL,NULL,'2018-12-01',NULL,NULL,NULL,2,4,4),(33,'2343','asdfasdf',NULL,NULL,0,1022,NULL,NULL,NULL,NULL,NULL,NULL,2,3,1),(34,'qsdfqsd','dsqfdsfqdf','2018-11-29','2018-11-30',0,1026,NULL,NULL,'2018-11-30',NULL,NULL,NULL,3,3,3),(35,'mas alk','klasdjf',NULL,NULL,1,1024,NULL,NULL,NULL,NULL,NULL,NULL,1,1,2),(36,'PRUEBA 091218','PRUEBA 091218',NULL,NULL,1,1026,NULL,NULL,NULL,NULL,NULL,NULL,2,2,3),(37,'22/12/2018','sorteo de navidad',NULL,NULL,1,1024,NULL,NULL,NULL,NULL,NULL,NULL,2,4,4);
/*!40000 ALTER TABLE `anuncios` ENABLE KEYS */;
UNLOCK TABLES;

--
-- Table structure for table `anunciosDia`
--

DROP TABLE IF EXISTS `anunciosDia`;
/*!40101 SET @saved_cs_client     = @@character_set_client */;
/*!40101 SET character_set_client = utf8 */;
CREATE TABLE `anunciosDia` (
  `idanuncioDia` int(10) unsigned NOT NULL AUTO_INCREMENT,
  `fecha` date NOT NULL,
  `idanuncio` int(10) unsigned NOT NULL,
  `idlocalidad` int(10) unsigned NOT NULL,
  `idadminPro` int(10) unsigned NOT NULL,
  `iddelegado` int(10) unsigned NOT NULL,
  `numvisitas` double NOT NULL,
  `idpartner` int(11) unsigned NOT NULL,
  `idprovincia` int(11) unsigned NOT NULL,
  `idanunciante` int(10) unsigned NOT NULL,
  `idpaquete` int(11) unsigned NOT NULL,
  `partner_comision` decimal(5,2) DEFAULT NULL,
  `adminpro_comision` decimal(5,2) DEFAULT NULL,
  `admin_comision` decimal(5,2) DEFAULT NULL,
  `factupartner` int(11) DEFAULT '0',
  `factuadminPro` int(11) DEFAULT '0',
  `factuadmin` int(11) DEFAULT '0',
  PRIMARY KEY (`idanuncioDia`)
) ENGINE=InnoDB AUTO_INCREMENT=425 DEFAULT CHARSET=utf8 COLLATE=utf8_unicode_ci;
/*!40101 SET character_set_client = @saved_cs_client */;

--
-- Dumping data for table `anunciosDia`
--

LOCK TABLES `anunciosDia` WRITE;
/*!40000 ALTER TABLE `anunciosDia` DISABLE KEYS */;
INSERT INTO `anunciosDia` VALUES (212,'2017-11-15',41,38,1020,1021,2,2,36,1022,34,0.67,0.67,0.67,85,86,85),(213,'2018-11-16',56,15,1020,1021,2,2,36,1022,34,0.67,0.67,0.67,85,86,85),(214,'2018-12-16',52,4,1020,1021,3,2,35,1022,34,0.67,0.67,0.67,85,86,85),(215,'2018-12-16',57,4,1020,1021,3,2,35,1026,35,0.00,0.00,0.00,85,86,85),(216,'2018-12-16',57,7,1020,1021,3,2,34,1026,35,0.00,0.00,0.00,85,86,85),(217,'2018-12-16',41,6,1020,1021,2,2,33,1022,34,0.67,0.67,0.67,85,86,85),(218,'2018-12-16',53,6,1020,1021,2,2,33,1026,35,0.00,0.00,0.00,85,86,85),(219,'2018-12-16',55,6,1020,1021,2,2,33,1024,36,0.67,0.67,0.67,85,86,85),(220,'2018-12-16',56,6,1020,1021,2,2,33,1022,34,0.67,0.67,0.67,85,86,85),(221,'2018-12-16',57,6,1020,1021,2,2,33,1026,35,0.00,0.00,0.00,85,86,85),(222,'2018-12-16',58,6,1020,1021,2,2,33,1024,36,0.67,0.67,0.67,85,86,85),(223,'2018-12-16',41,9,1020,1021,2,2,32,1022,34,0.67,0.67,0.67,85,86,85),(224,'2018-12-16',54,9,1020,1021,2,2,32,1022,34,0.67,0.67,0.67,85,86,85),(225,'2018-12-16',56,9,1020,1021,2,2,32,1022,34,0.67,0.67,0.67,85,86,85),(226,'2018-12-16',57,3,1020,1021,2,2,32,1026,35,0.00,0.00,0.00,85,86,85),(227,'2018-12-16',58,9,1020,1021,2,2,32,1024,36,0.67,0.67,0.67,85,86,85),(228,'2018-12-16',52,10,1020,1021,2,2,31,1022,34,0.67,0.67,0.67,85,86,85),(229,'2018-12-17',52,10,1020,1021,2,2,31,1022,34,0.67,0.67,0.67,87,88,87),(230,'2018-12-17',41,9,1020,1021,1,2,32,1022,34,0.67,0.67,0.67,87,88,87),(231,'2018-12-17',54,9,1020,1021,1,2,32,1022,34,0.67,0.67,0.67,87,88,87),(232,'2018-12-17',56,9,1020,1021,1,2,32,1022,34,0.67,0.67,0.67,87,88,87),(233,'2018-12-17',57,3,1020,1021,1,2,32,1026,35,0.00,0.00,0.00,87,88,87),(234,'2018-12-17',58,9,1020,1021,1,2,32,1024,36,0.67,0.67,0.67,87,88,87),(235,'2018-12-17',41,6,1020,1021,1,2,33,1022,34,0.67,0.67,0.67,87,88,87),(236,'2018-12-17',53,6,1020,1021,1,2,33,1026,35,0.00,0.00,0.00,87,88,87),(237,'2018-12-17',55,6,1020,1021,1,2,33,1024,36,0.67,0.67,0.67,87,88,87),(238,'2018-12-17',56,6,1020,1021,1,2,33,1022,34,0.67,0.67,0.67,87,88,87),(239,'2018-12-17',57,6,1020,1021,1,2,33,1026,35,0.00,0.00,0.00,87,88,87),(240,'2018-12-17',58,6,1020,1021,1,2,33,1024,36,0.67,0.67,0.67,87,88,87),(241,'2018-12-17',57,7,1020,1021,1,2,34,1026,35,0.00,0.00,0.00,87,88,87),(242,'2018-12-17',52,4,1020,1021,1,2,35,1022,34,0.67,0.67,0.67,87,88,87),(243,'2018-12-17',57,4,1020,1021,1,2,35,1026,35,0.00,0.00,0.00,87,88,87),(244,'2018-12-17',41,38,1020,1021,1,2,36,1022,34,0.67,0.67,0.67,87,88,87),(245,'2018-12-17',56,15,1020,1021,1,2,36,1022,34,0.67,0.67,0.67,87,88,87),(246,'2018-12-18',52,10,1020,1021,3,2,31,1022,34,0.67,0.67,0.67,89,90,89),(247,'2018-12-18',41,9,1020,1021,3,2,32,1022,34,0.67,0.67,0.67,89,90,89),(248,'2018-12-18',54,9,1020,1021,3,2,32,1022,34,0.67,0.67,0.67,89,90,89),(249,'2018-12-18',56,9,1020,1021,3,2,32,1022,34,0.67,0.67,0.67,89,90,89),(250,'2018-12-18',57,3,1020,1021,2,2,32,1026,35,0.00,0.00,0.00,89,90,89),(251,'2018-12-18',58,9,1020,1021,3,2,32,1024,36,0.67,0.67,0.67,89,90,89),(252,'2018-12-18',41,6,1020,1021,3,2,33,1022,34,0.67,0.67,0.67,89,90,89),(253,'2018-12-18',53,6,1020,1021,3,2,33,1026,35,0.00,0.00,0.00,89,90,89),(254,'2018-12-18',55,6,1020,1021,3,2,33,1024,36,0.67,0.67,0.67,89,90,89),(255,'2018-12-18',56,6,1020,1021,3,2,33,1022,34,0.67,0.67,0.67,89,90,89),(256,'2018-12-18',57,6,1020,1021,2,2,33,1026,35,0.00,0.00,0.00,89,90,89),(257,'2018-12-18',58,6,1020,1021,3,2,33,1024,36,0.67,0.67,0.67,89,90,89),(258,'2018-12-18',52,4,1020,1021,6,2,35,1022,34,0.67,0.67,0.67,89,90,89),(259,'2018-12-18',41,38,1020,1021,4,2,36,1022,34,0.67,0.67,0.67,89,90,89),(260,'2018-12-18',56,15,1020,1021,4,2,36,1022,34,0.67,0.67,0.67,89,90,89),(261,'2018-12-18',57,7,1020,1021,3,2,34,1026,35,0.00,0.00,0.00,89,90,89),(262,'2018-12-18',57,4,1020,1021,2,2,35,1026,35,0.00,0.00,0.00,89,90,89),(263,'2018-12-19',52,10,1020,1021,2,2,31,1022,34,0.67,0.67,0.67,91,92,91),(264,'2018-12-19',41,9,1020,1021,2,2,32,1022,34,0.67,0.67,0.67,91,92,91),(265,'2018-12-19',54,9,1020,1021,2,2,32,1022,34,0.67,0.67,0.67,91,92,91),(266,'2018-12-19',56,9,1020,1021,2,2,32,1022,34,0.67,0.67,0.67,91,92,91),(267,'2018-12-19',57,3,1020,1021,2,2,32,1026,35,0.00,0.00,0.00,91,92,91),(268,'2018-12-19',58,9,1020,1021,2,2,32,1024,36,0.67,0.67,0.67,91,92,91),(269,'2018-12-19',41,6,1020,1021,2,2,33,1022,34,0.67,0.67,0.67,91,92,91),(270,'2018-12-19',53,6,1020,1021,2,2,33,1026,35,0.00,0.00,0.00,91,92,91),(271,'2018-12-19',55,6,1020,1021,2,2,33,1024,36,0.67,0.67,0.67,91,92,91),(272,'2018-12-19',56,6,1020,1021,2,2,33,1022,34,0.67,0.67,0.67,91,92,91),(273,'2018-12-19',57,6,1020,1021,2,2,33,1026,35,0.00,0.00,0.00,91,92,91),(274,'2018-12-19',58,6,1020,1021,2,2,33,1024,36,0.67,0.67,0.67,91,92,91),(275,'2018-12-19',57,7,1020,1021,2,2,34,1026,35,0.00,0.00,0.00,91,92,91),(276,'2018-12-19',52,4,1020,1021,2,2,35,1022,34,0.67,0.67,0.67,91,92,91),(277,'2018-12-19',57,4,1020,1021,2,2,35,1026,35,0.00,0.00,0.00,91,92,91),(278,'2018-12-19',41,38,1020,1021,2,2,36,1022,34,0.67,0.67,0.67,91,92,91),(279,'2018-12-19',56,15,1020,1021,2,2,36,1022,34,0.67,0.67,0.67,91,92,91),(280,'2018-12-20',52,10,1020,1021,1,2,31,1022,34,0.67,0.67,0.67,93,94,93),(281,'2018-12-20',41,9,1020,1021,1,2,32,1022,34,0.67,0.67,0.67,93,94,93),(282,'2018-12-20',57,3,1020,1021,2,2,32,1026,35,0.00,0.00,0.00,93,94,93),(283,'2018-12-20',58,9,1020,1021,2,2,32,1024,36,0.67,0.67,0.67,93,94,93),(284,'2018-12-20',53,6,1020,1021,2,2,33,1026,35,0.00,0.00,0.00,93,94,93),(285,'2018-12-20',55,6,1020,1021,2,2,33,1024,36,0.67,0.67,0.67,93,94,93),(286,'2018-12-20',57,6,1020,1021,2,2,33,1026,35,0.00,0.00,0.00,93,94,93),(287,'2018-12-20',58,6,1020,1021,2,2,33,1024,36,0.67,0.67,0.67,93,94,93),(288,'2018-12-20',57,7,1020,1021,2,2,34,1026,35,0.00,0.00,0.00,93,94,93),(289,'2018-12-20',57,4,1020,1021,2,2,35,1026,35,0.00,0.00,0.00,93,94,93),(290,'2018-12-22',57,4,1020,1021,41,2,35,1026,35,0.00,0.00,0.00,95,96,95),(291,'2018-12-22',53,6,1020,1021,17,2,33,1026,35,0.00,0.00,0.00,95,96,95),(292,'2018-12-22',55,6,1020,1021,17,2,33,1024,36,0.67,0.67,0.67,95,96,95),(293,'2018-12-22',57,6,1020,1021,17,2,33,1026,35,0.00,0.00,0.00,95,96,95),(294,'2018-12-22',58,6,1020,1021,17,2,33,1024,36,0.67,0.67,0.67,95,96,95),(295,'2018-12-22',57,7,1020,1021,7,2,34,1026,35,0.00,0.00,0.00,95,96,95),(296,'2018-12-22',57,3,1020,1021,5,2,32,1026,35,0.00,0.00,0.00,95,96,95),(297,'2018-12-22',58,9,1020,1021,5,2,32,1024,36,0.67,0.67,0.67,95,96,95),(298,'2018-12-23',58,9,1020,1021,1,2,32,1024,36,0.67,0.67,0.67,97,98,97),(299,'2018-12-23',55,6,1020,1021,6,2,33,1024,36,0.67,0.67,0.67,97,98,97),(300,'2018-12-23',58,6,1020,1021,6,2,33,1024,36,0.67,0.67,0.67,97,98,97),(301,'2018-12-25',58,9,1020,1021,1,2,32,1024,36,0.67,0.67,0.67,97,98,97),(302,'2018-12-25',55,6,1020,1021,32,2,33,1024,36,0.67,0.67,0.67,97,98,97),(303,'2018-12-25',58,6,1020,1021,32,2,33,1024,36,0.67,0.67,0.67,97,98,97),(304,'2018-12-26',55,6,1020,1021,15,2,33,1024,36,0.67,0.67,0.67,97,98,97),(305,'2018-12-26',58,6,1020,1021,15,2,33,1024,36,0.67,0.67,0.67,97,98,97),(306,'2018-12-26',58,9,1020,1021,16,2,32,1024,36,0.67,0.67,0.67,97,98,97),(307,'2018-12-27',58,9,1020,1021,3,2,32,1024,36,0.67,0.67,0.67,97,98,97),(308,'2018-12-27',55,6,1020,1021,3,2,33,1024,36,0.67,0.67,0.67,97,98,97),(309,'2018-12-27',58,6,1020,1021,3,2,33,1024,36,0.67,0.67,0.67,97,98,97),(310,'2018-12-28',58,9,1020,1021,27,2,32,1024,36,0.67,0.67,0.67,99,100,99),(311,'2018-12-28',55,6,1020,1021,75,2,33,1024,36,0.67,0.67,0.67,99,100,99),(312,'2018-12-28',58,6,1020,1021,75,2,33,1024,36,0.67,0.67,0.67,99,100,99),(313,'2018-12-28',41,9,1020,1021,15,2,32,1022,34,0.67,0.67,0.67,99,100,99),(314,'2018-12-28',54,9,1020,1021,15,2,32,1022,34,0.67,0.67,0.67,99,100,99),(315,'2018-12-28',56,9,1020,1021,15,2,32,1022,34,0.67,0.67,0.67,99,100,99),(316,'2018-12-28',57,3,1020,1021,15,2,32,1026,35,0.00,0.00,0.00,99,100,99),(317,'2018-12-28',52,10,1020,1021,8,2,31,1022,34,0.67,0.67,0.67,99,100,99),(318,'2018-12-28',41,38,1020,1021,3,2,36,1022,34,0.67,0.67,0.67,99,100,99),(319,'2018-12-28',56,15,1020,1021,3,2,36,1022,34,0.67,0.67,0.67,99,100,99),(320,'2018-12-28',57,7,1020,1021,2,2,34,1026,35,0.00,0.00,0.00,99,100,99),(321,'2018-12-28',52,4,1020,1021,1,2,35,1022,34,0.67,0.67,0.67,99,100,99),(322,'2018-12-28',57,4,1020,1021,1,2,35,1026,35,0.00,0.00,0.00,99,100,99),(323,'2018-12-28',41,6,1020,1021,49,2,33,1022,34,0.67,0.67,0.67,99,100,99),(324,'2018-12-28',53,6,1020,1021,49,2,33,1026,35,0.00,0.00,0.00,99,100,99),(325,'2018-12-28',56,6,1020,1021,49,2,33,1022,34,0.67,0.67,0.67,99,100,99),(326,'2018-12-28',57,6,1020,1021,49,2,33,1026,35,0.00,0.00,0.00,99,100,99),(327,'2018-12-29',52,10,1020,1021,5,2,31,1022,34,0.67,0.67,0.67,99,100,99),(328,'2018-12-29',41,9,1020,1021,29,2,32,1022,34,0.67,0.67,0.67,99,100,99),(329,'2018-12-29',54,9,1020,1021,29,2,32,1022,34,0.67,0.67,0.67,99,100,99),(330,'2018-12-29',56,9,1020,1021,29,2,32,1022,34,0.67,0.67,0.67,99,100,99),(331,'2018-12-29',57,3,1020,1021,29,2,32,1026,35,0.00,0.00,0.00,99,100,99),(332,'2018-12-29',58,9,1020,1021,29,2,32,1024,36,0.67,0.67,0.67,99,100,99),(333,'2018-12-29',52,4,1020,1021,1,2,35,1022,34,0.67,0.67,0.67,99,100,99),(334,'2018-12-29',57,4,1020,1021,1,2,35,1026,35,0.00,0.00,0.00,99,100,99),(335,'2018-12-29',57,7,1020,1021,1,2,34,1026,35,0.00,0.00,0.00,99,100,99),(336,'2018-12-29',41,38,1020,1021,2,2,36,1022,34,0.67,0.67,0.67,99,100,99),(337,'2018-12-29',56,15,1020,1021,2,2,36,1022,34,0.67,0.67,0.67,99,100,99),(338,'2018-12-29',41,6,1020,1021,12,2,33,1022,34,0.67,0.67,0.67,99,100,99),(339,'2018-12-29',53,6,1020,1021,12,2,33,1026,35,0.00,0.00,0.00,99,100,99),(340,'2018-12-29',55,6,1020,1021,12,2,33,1024,36,0.67,0.67,0.67,99,100,99),(341,'2018-12-29',56,6,1020,1021,12,2,33,1022,34,0.67,0.67,0.67,99,100,99),(342,'2018-12-29',57,6,1020,1021,12,2,33,1026,35,0.00,0.00,0.00,99,100,99),(343,'2018-12-29',58,6,1020,1021,12,2,33,1024,36,0.67,0.67,0.67,99,100,99),(344,'2018-12-30',41,6,1020,1021,2,2,33,1022,34,0.67,0.67,0.67,101,102,101),(345,'2018-12-30',53,6,1020,1021,2,2,33,1026,35,0.00,0.00,0.00,101,102,101),(346,'2018-12-30',55,6,1020,1021,2,2,33,1024,36,0.67,0.67,0.67,101,102,101),(347,'2018-12-30',56,6,1020,1021,2,2,33,1022,34,0.67,0.67,0.67,101,102,101),(348,'2018-12-30',57,6,1020,1021,2,2,33,1026,35,0.00,0.00,0.00,101,102,101),(349,'2018-12-30',58,6,1020,1021,2,2,33,1024,36,0.67,0.67,0.67,101,102,101),(350,'2018-12-30',52,10,1020,1021,1,2,31,1022,34,0.67,0.67,0.67,101,102,101),(351,'2018-12-30',41,9,1020,1021,5,2,32,1022,34,0.67,0.67,0.67,101,102,101),(352,'2018-12-30',54,9,1020,1021,5,2,32,1022,34,0.67,0.67,0.67,101,102,101),(353,'2018-12-30',56,9,1020,1021,5,2,32,1022,34,0.67,0.67,0.67,101,102,101),(354,'2018-12-30',57,3,1020,1021,5,2,32,1026,35,0.00,0.00,0.00,101,102,101),(355,'2018-12-30',58,9,1020,1021,5,2,32,1024,36,0.67,0.67,0.67,101,102,101),(356,'2018-12-30',57,7,1020,1021,1,2,34,1026,35,0.00,0.00,0.00,101,102,101),(357,'2018-12-30',52,4,1020,1021,1,2,35,1022,34,0.67,0.67,0.67,101,102,101),(358,'2018-12-30',57,4,1020,1021,1,2,35,1026,35,0.00,0.00,0.00,101,102,101),(359,'2018-12-30',41,38,1020,1021,1,2,36,1022,34,0.67,0.67,0.67,101,102,101),(360,'2018-12-30',56,15,1020,1021,1,2,36,1022,34,0.67,0.67,0.67,101,102,101),(361,'2019-01-03',41,9,1020,1021,15,2,32,1022,34,0.67,0.67,0.67,103,104,103),(362,'2019-01-03',54,9,1020,1021,15,2,32,1022,34,0.67,0.67,0.67,103,104,103),(363,'2019-01-03',56,9,1020,1021,15,2,32,1022,34,0.67,0.67,0.67,103,104,103),(364,'2019-01-03',57,3,1020,1021,15,2,32,1026,35,0.00,0.00,0.00,103,104,103),(365,'2019-01-03',58,9,1020,1021,15,2,32,1024,36,0.67,0.67,0.67,103,104,103),(366,'2019-01-03',52,10,1020,1021,1,2,31,1022,34,0.67,0.67,0.67,103,104,103),(367,'2019-01-04',52,10,1020,1021,1,2,31,1022,34,0.67,0.67,0.67,105,106,105),(368,'2019-01-08',52,10,1020,1021,1,2,31,1022,34,0.67,0.67,0.67,105,106,105),(369,'2019-01-08',52,4,1020,1021,1,2,35,1022,34,0.67,0.67,0.67,105,106,105),(370,'2019-01-08',57,4,1020,1021,1,2,35,1026,35,0.00,0.00,0.00,105,106,105),(371,'2019-01-08',41,38,1020,1021,1,2,36,1022,34,0.67,0.67,0.67,105,106,105),(372,'2019-01-08',56,15,1020,1021,1,2,36,1022,34,0.67,0.67,0.67,105,106,105),(373,'2019-01-28',52,10,1020,1021,1,2,31,1022,34,0.67,0.67,0.67,0,0,0),(374,'2019-01-28',41,6,1020,1021,1,2,33,1022,34,0.67,0.67,0.67,0,0,0),(375,'2019-01-28',53,6,1020,1021,1,2,33,1026,35,0.00,0.00,0.00,0,0,0),(376,'2019-01-28',55,6,1020,1021,1,2,33,1024,36,0.67,0.67,0.67,0,0,0),(377,'2019-01-28',56,6,1020,1021,1,2,33,1022,34,0.67,0.67,0.67,0,0,0),(378,'2019-01-28',57,6,1020,1021,1,2,33,1026,35,0.00,0.00,0.00,0,0,0),(379,'2019-01-28',58,6,1020,1021,1,2,33,1024,36,0.67,0.67,0.67,0,0,0),(380,'2019-01-28',41,9,1020,1021,1,2,32,1022,34,0.67,0.67,0.67,0,0,0),(381,'2019-01-28',54,9,1020,1021,1,2,32,1022,34,0.67,0.67,0.67,0,0,0),(382,'2019-01-28',56,9,1020,1021,1,2,32,1022,34,0.67,0.67,0.67,0,0,0),(383,'2019-01-28',57,3,1020,1021,1,2,32,1026,35,0.00,0.00,0.00,0,0,0),(384,'2019-01-28',58,9,1020,1021,1,2,32,1024,36,0.67,0.67,0.67,0,0,0),(385,'2019-01-28',57,7,1020,1021,1,2,34,1026,40,0.67,0.67,0.67,0,0,0),(386,'2019-01-28',52,4,1020,1021,1,2,35,1022,34,0.67,0.67,0.67,0,0,0),(387,'2019-01-28',57,4,1020,1021,1,2,35,1026,40,0.67,0.67,0.67,0,0,0),(388,'2019-01-28',41,38,1020,1021,1,2,36,1022,34,0.67,0.67,0.67,0,0,0),(389,'2019-01-28',56,15,1020,1021,1,2,36,1022,34,0.67,0.67,0.67,0,0,0),(390,'2019-02-08',52,10,1020,1021,3,2,31,1022,34,0.67,0.67,0.67,0,0,0),(391,'2019-02-08',41,9,1020,1021,1,2,32,1022,34,0.67,0.67,0.67,0,0,0),(392,'2019-02-08',54,9,1020,1021,1,2,32,1022,34,0.67,0.67,0.67,0,0,0),(393,'2019-02-08',56,9,1020,1021,1,2,32,1022,34,0.67,0.67,0.67,0,0,0),(394,'2019-02-08',57,3,1020,1021,1,2,32,1026,40,0.67,0.67,0.67,0,0,0),(395,'2019-02-08',58,9,1020,1021,1,2,32,1024,36,0.67,0.67,0.67,0,0,0),(396,'2019-02-08',52,4,1020,1021,7,2,35,1022,34,0.67,0.67,0.67,0,0,0),(397,'2019-02-08',57,4,1020,1021,7,2,35,1026,40,0.67,0.67,0.67,0,0,0),(398,'2019-02-08',41,6,1020,1021,1,2,33,1022,34,0.67,0.67,0.67,0,0,0),(399,'2019-02-08',53,6,1020,1021,1,2,33,1026,40,0.67,0.67,0.67,0,0,0),(400,'2019-02-08',55,6,1020,1021,1,2,33,1024,36,0.67,0.67,0.67,0,0,0),(401,'2019-02-08',56,6,1020,1021,1,2,33,1022,34,0.67,0.67,0.67,0,0,0),(402,'2019-02-08',57,6,1020,1021,1,2,33,1026,40,0.67,0.67,0.67,0,0,0),(403,'2019-02-08',58,6,1020,1021,1,2,33,1024,36,0.67,0.67,0.67,0,0,0),(404,'2019-02-08',41,38,1020,1021,1,2,36,1022,34,0.67,0.67,0.67,0,0,0),(405,'2019-02-08',56,15,1020,1021,1,2,36,1022,34,0.67,0.67,0.67,0,0,0),(406,'2019-02-08',57,7,1020,1021,1,2,34,1026,40,0.67,0.67,0.67,0,0,0),(407,'2019-02-10',52,10,1020,1021,1,2,31,1022,34,0.67,0.67,0.67,0,0,0),(408,'2019-02-13',52,10,1020,1021,4,2,31,1022,34,0.67,0.67,0.67,0,0,0),(409,'2019-02-13',41,9,1020,1021,3,2,32,1022,34,0.67,0.67,0.67,0,0,0),(410,'2019-02-13',54,9,1020,1021,3,2,32,1022,34,0.67,0.67,0.67,0,0,0),(411,'2019-02-13',56,9,1020,1021,3,2,32,1022,34,0.67,0.67,0.67,0,0,0),(412,'2019-02-13',57,3,1020,1021,3,2,32,1026,40,0.67,0.67,0.67,0,0,0),(413,'2019-02-13',58,9,1020,1021,3,2,32,1024,36,0.67,0.67,0.67,0,0,0),(414,'2019-02-13',41,6,1020,1021,3,2,33,1022,34,0.67,0.67,0.67,0,0,0),(415,'2019-02-13',53,6,1020,1021,3,2,33,1026,40,0.67,0.67,0.67,0,0,0),(416,'2019-02-13',55,6,1020,1021,3,2,33,1024,36,0.67,0.67,0.67,0,0,0),(417,'2019-02-13',56,6,1020,1021,3,2,33,1022,34,0.67,0.67,0.67,0,0,0),(418,'2019-02-13',57,6,1020,1021,3,2,33,1026,40,0.67,0.67,0.67,0,0,0),(419,'2019-02-13',58,6,1020,1021,3,2,33,1024,36,0.67,0.67,0.67,0,0,0),(420,'2019-02-13',57,7,1020,1021,3,2,34,1026,40,0.67,0.67,0.67,0,0,0),(421,'2019-02-13',52,4,1020,1021,3,2,35,1022,34,0.67,0.67,0.67,0,0,0),(422,'2019-02-13',57,4,1020,1021,3,2,35,1026,40,0.67,0.67,0.67,0,0,0),(423,'2019-02-13',41,38,1020,1021,2,2,36,1022,34,0.67,0.67,0.67,0,0,0),(424,'2019-02-13',56,15,1020,1021,2,2,36,1022,34,0.67,0.67,0.67,0,0,0);
/*!40000 ALTER TABLE `anunciosDia` ENABLE KEYS */;
UNLOCK TABLES;

--
-- Table structure for table `anunciosProLocalidad`
--

DROP TABLE IF EXISTS `anunciosProLocalidad`;
/*!40101 SET @saved_cs_client     = @@character_set_client */;
/*!40101 SET character_set_client = utf8 */;
CREATE TABLE `anunciosProLocalidad` (
  `idanuncioProLocalidad` int(10) unsigned NOT NULL AUTO_INCREMENT,
  `idanuncioProgramado` int(11) DEFAULT NULL,
  `idprovincia` int(11) DEFAULT NULL,
  `idlocalidad` int(11) DEFAULT NULL,
  PRIMARY KEY (`idanuncioProLocalidad`)
) ENGINE=InnoDB AUTO_INCREMENT=75 DEFAULT CHARSET=latin1;
/*!40101 SET character_set_client = @saved_cs_client */;

--
-- Dumping data for table `anunciosProLocalidad`
--

LOCK TABLES `anunciosProLocalidad` WRITE;
/*!40000 ALTER TABLE `anunciosProLocalidad` DISABLE KEYS */;
INSERT INTO `anunciosProLocalidad` VALUES (57,41,32,9),(58,41,33,6),(59,41,36,38),(60,52,35,4),(61,52,31,10),(62,53,33,6),(63,54,32,9),(64,55,33,6),(66,56,36,15),(67,56,32,9),(68,56,33,6),(69,57,32,3),(70,57,33,6),(71,57,34,7),(72,57,35,4),(73,58,33,6),(74,58,32,9);
/*!40000 ALTER TABLE `anunciosProLocalidad` ENABLE KEYS */;
UNLOCK TABLES;

--
-- Table structure for table `anuncios_programados`
--

DROP TABLE IF EXISTS `anuncios_programados`;
/*!40101 SET @saved_cs_client     = @@character_set_client */;
/*!40101 SET character_set_client = utf8 */;
CREATE TABLE `anuncios_programados` (
  `idanuncio_programado` int(10) unsigned NOT NULL AUTO_INCREMENT,
  `titulo` varchar(255) CHARACTER SET utf8 NOT NULL,
  `descripcion` varchar(255) CHARACTER SET utf8 NOT NULL,
  `fechainicio` date NOT NULL,
  `fechafinal` date NOT NULL,
  `activo` tinyint(1) NOT NULL,
  `idusuario` int(10) unsigned NOT NULL,
  `created_at` timestamp NULL DEFAULT NULL,
  `updated_at` timestamp NULL DEFAULT NULL,
  `ult_muestra` date DEFAULT NULL,
  `horainicial` time DEFAULT NULL,
  `horafinal` time DEFAULT NULL,
  `reservaactiva` tinyint(4) DEFAULT NULL,
  `idanuncio` int(10) unsigned NOT NULL,
  `idpelos` int(11) DEFAULT NULL,
  `idojos` int(11) DEFAULT NULL,
  `idestatura` int(11) DEFAULT NULL,
  PRIMARY KEY (`idanuncio_programado`)
) ENGINE=InnoDB AUTO_INCREMENT=59 DEFAULT CHARSET=latin1;
/*!40101 SET character_set_client = @saved_cs_client */;

--
-- Dumping data for table `anuncios_programados`
--

LOCK TABLES `anuncios_programados` WRITE;
/*!40000 ALTER TABLE `anuncios_programados` DISABLE KEYS */;
INSERT INTO `anuncios_programados` VALUES (41,'ANNE','LKJADSF','2018-12-20','2019-02-28',1,1022,NULL,NULL,'2019-02-13',NULL,NULL,NULL,25,1,1,1),(52,'mas y mas','asdfasdf','2018-12-05','2019-02-28',1,1022,NULL,NULL,'2019-02-13',NULL,NULL,NULL,29,NULL,NULL,NULL),(53,'SARA','EL SABIO?','2018-12-20','2019-02-28',1,1026,NULL,NULL,'2019-02-13',NULL,NULL,NULL,32,1,1,1),(54,'MONIKE','LKAJDSF','2018-12-20','2019-02-28',1,1022,NULL,NULL,'2019-02-13',NULL,NULL,NULL,24,1,1,1),(55,'VALESKA','klasdjf','2018-12-20','2019-02-28',1,1024,NULL,NULL,'2019-02-13',NULL,NULL,NULL,35,1,1,1),(56,'AB','LKJADSF','2018-12-20','2019-02-28',1,1022,NULL,NULL,'2019-02-13',NULL,NULL,NULL,25,1,1,1),(57,'KARLA','PRUEBA 091218','2018-12-20','2019-02-28',1,1026,NULL,NULL,'2019-02-13',NULL,NULL,NULL,36,2,4,7),(58,'mas alk','klasdjf','2018-12-10','2019-02-28',1,1024,NULL,NULL,'2019-02-13',NULL,NULL,NULL,35,NULL,NULL,NULL);
/*!40000 ALTER TABLE `anuncios_programados` ENABLE KEYS */;
UNLOCK TABLES;

--
-- Table structure for table `caracteristicas`
--

DROP TABLE IF EXISTS `caracteristicas`;
/*!40101 SET @saved_cs_client     = @@character_set_client */;
/*!40101 SET character_set_client = utf8 */;
CREATE TABLE `caracteristicas` (
  `idcaracteristicas` int(10) unsigned NOT NULL AUTO_INCREMENT,
  `pelo` varchar(45) DEFAULT NULL,
  `ojos` varchar(45) DEFAULT NULL,
  `estatura` varchar(45) DEFAULT NULL,
  PRIMARY KEY (`idcaracteristicas`)
) ENGINE=InnoDB AUTO_INCREMENT=8 DEFAULT CHARSET=latin1;
/*!40101 SET character_set_client = @saved_cs_client */;

--
-- Dumping data for table `caracteristicas`
--

LOCK TABLES `caracteristicas` WRITE;
/*!40000 ALTER TABLE `caracteristicas` DISABLE KEYS */;
INSERT INTO `caracteristicas` VALUES (1,'MORENO','MARRONES','160-165'),(2,'RUBIO','NEGROS','165-170'),(3,'PELIRROJO','AZULES','170-175'),(4,'CASTAÑO','VERDES','175-180'),(5,NULL,NULL,'180-185'),(6,NULL,NULL,'185-190'),(7,NULL,NULL,'190-195');
/*!40000 ALTER TABLE `caracteristicas` ENABLE KEYS */;
UNLOCK TABLES;

--
-- Table structure for table `citas`
--

DROP TABLE IF EXISTS `citas`;
/*!40101 SET @saved_cs_client     = @@character_set_client */;
/*!40101 SET character_set_client = utf8 */;
CREATE TABLE `citas` (
  `idcita` int(11) unsigned NOT NULL AUTO_INCREMENT,
  `idanuncio` varchar(45) DEFAULT NULL,
  `idusuario` varchar(45) DEFAULT NULL,
  `fecha` date DEFAULT NULL,
  `horaini` time DEFAULT NULL,
  `horafin` time DEFAULT NULL,
  `contador` int(11) DEFAULT NULL,
  PRIMARY KEY (`idcita`)
) ENGINE=InnoDB AUTO_INCREMENT=2 DEFAULT CHARSET=latin1;
/*!40101 SET character_set_client = @saved_cs_client */;

--
-- Dumping data for table `citas`
--

LOCK TABLES `citas` WRITE;
/*!40000 ALTER TABLE `citas` DISABLE KEYS */;
INSERT INTO `citas` VALUES (1,'25','2','2018-05-09','06:00:00','10:00:00',NULL);
/*!40000 ALTER TABLE `citas` ENABLE KEYS */;
UNLOCK TABLES;

--
-- Table structure for table `facturas`
--

DROP TABLE IF EXISTS `facturas`;
/*!40101 SET @saved_cs_client     = @@character_set_client */;
/*!40101 SET character_set_client = utf8 */;
CREATE TABLE `facturas` (
  `idfactura` int(11) unsigned NOT NULL AUTO_INCREMENT,
  `idusuario` int(11) DEFAULT NULL,
  `fechafactura` date DEFAULT NULL,
  `importefactura` decimal(5,2) DEFAULT NULL,
  `pagada` tinyint(1) DEFAULT '0',
  `fechapago` date DEFAULT NULL,
  `idlotepago` varchar(45) DEFAULT NULL,
  PRIMARY KEY (`idfactura`)
) ENGINE=InnoDB AUTO_INCREMENT=107 DEFAULT CHARSET=latin1;
/*!40101 SET character_set_client = @saved_cs_client */;

--
-- Dumping data for table `facturas`
--

LOCK TABLES `facturas` WRITE;
/*!40000 ALTER TABLE `facturas` DISABLE KEYS */;
INSERT INTO `facturas` VALUES (85,2,'2018-12-16',16.08,1,NULL,'EKGHV9DE5AC2U'),(86,1020,'2018-12-16',8.04,1,NULL,'EKGHV9DE5AC2U'),(87,2,'2018-12-17',16.08,1,NULL,'FUD7SLQQ4G482'),(88,1020,'2018-12-17',8.04,1,NULL,'S2QTK5EG8YQCE'),(89,2,'2018-12-18',16.08,1,NULL,'LX4HN2CR3DLJ6'),(90,1020,'2018-12-18',8.04,1,NULL,'AEEPFVSLL4DHA'),(91,2,'2018-12-19',16.08,1,NULL,'S26SPGLTVP9FC'),(92,1020,'2018-12-19',8.04,1,NULL,'S26SPGLTVP9FC'),(93,2,'2018-12-20',6.70,1,NULL,'BZ3EEAC58ECDE'),(94,1020,'2018-12-20',3.35,1,NULL,'BZ3EEAC58ECDE'),(95,2,'2018-12-22',4.02,1,NULL,'GDGJNW2EFLPQE'),(96,1020,'2018-12-22',2.01,1,NULL,'GDGJNW2EFLPQE'),(97,2,'2018-12-27',16.08,1,NULL,'GDGJNW2EFLPQE'),(98,1020,'2018-12-27',8.04,1,NULL,'GDGJNW2EFLPQE'),(99,2,'2018-12-29',32.16,1,NULL,'YVLY5YLKHW6VC'),(100,1020,'2018-12-29',16.08,1,NULL,'RJMT2PW82AF3S'),(101,2,'2018-12-30',16.08,1,NULL,'7X6GRPZFXQC76'),(102,1020,'2018-12-30',8.04,1,NULL,'3VZ6VLZPTUXRU'),(103,2,'2019-01-04',6.70,1,NULL,'TSFCXJULQCFVU'),(104,1020,'2019-01-04',3.35,1,NULL,'TSFCXJULQCFVU'),(105,2,'2019-01-08',6.70,1,NULL,'LXPSMYPP69CX8'),(106,1020,'2019-01-08',3.35,1,NULL,'LXPSMYPP69CX8');
/*!40000 ALTER TABLE `facturas` ENABLE KEYS */;
UNLOCK TABLES;

--
-- Table structure for table `imagenes`
--

DROP TABLE IF EXISTS `imagenes`;
/*!40101 SET @saved_cs_client     = @@character_set_client */;
/*!40101 SET character_set_client = utf8 */;
CREATE TABLE `imagenes` (
  `idimagen` int(10) unsigned NOT NULL AUTO_INCREMENT,
  `ficheroimagen` varchar(255) COLLATE utf8_unicode_ci NOT NULL,
  `titulo` varchar(255) COLLATE utf8_unicode_ci NOT NULL,
  `idusuario` int(10) unsigned NOT NULL,
  `created_at` timestamp NULL DEFAULT NULL,
  `updated_at` timestamp NULL DEFAULT NULL,
  PRIMARY KEY (`idimagen`),
  UNIQUE KEY `idimagen_UNIQUE` (`idimagen`),
  KEY `imagenes_idusuario_foreign` (`idusuario`),
  CONSTRAINT `imagenes_idusuario_foreign` FOREIGN KEY (`idusuario`) REFERENCES `users` (`id`)
) ENGINE=InnoDB AUTO_INCREMENT=363 DEFAULT CHARSET=utf8 COLLATE=utf8_unicode_ci;
/*!40101 SET character_set_client = @saved_cs_client */;

--
-- Dumping data for table `imagenes`
--

LOCK TABLES `imagenes` WRITE;
/*!40000 ALTER TABLE `imagenes` DISABLE KEYS */;
INSERT INTO `imagenes` VALUES (353,'p6.gif','p6.gif',1024,NULL,NULL),(354,'p5.gif','p5.gif',1024,NULL,NULL),(355,'p4.gif','p4.gif',1024,NULL,NULL),(356,'p3.gif','p3.gif',1024,NULL,NULL),(357,'p2.gif','p2.gif',1024,NULL,NULL),(358,'p6.gif','p6.gif',1026,NULL,NULL),(359,'p5.gif','p5.gif',1026,NULL,NULL),(360,'p4.gif','p4.gif',1026,NULL,NULL),(361,'p3.gif','p3.gif',1026,NULL,NULL),(362,'p2.gif','p2.gif',1026,NULL,NULL);
/*!40000 ALTER TABLE `imagenes` ENABLE KEYS */;
UNLOCK TABLES;

--
-- Table structure for table `imagenes_anuncios`
--

DROP TABLE IF EXISTS `imagenes_anuncios`;
/*!40101 SET @saved_cs_client     = @@character_set_client */;
/*!40101 SET character_set_client = utf8 */;
CREATE TABLE `imagenes_anuncios` (
  `idanuncioimagen` int(11) NOT NULL AUTO_INCREMENT,
  `idanuncio` varchar(45) NOT NULL,
  `idimagen` varchar(45) NOT NULL,
  PRIMARY KEY (`idanuncioimagen`)
) ENGINE=InnoDB AUTO_INCREMENT=25 DEFAULT CHARSET=latin1;
/*!40101 SET character_set_client = @saved_cs_client */;

--
-- Dumping data for table `imagenes_anuncios`
--

LOCK TABLES `imagenes_anuncios` WRITE;
/*!40000 ALTER TABLE `imagenes_anuncios` DISABLE KEYS */;
INSERT INTO `imagenes_anuncios` VALUES (23,'35','355'),(24,'25','352');
/*!40000 ALTER TABLE `imagenes_anuncios` ENABLE KEYS */;
UNLOCK TABLES;

--
-- Table structure for table `localidades`
--

DROP TABLE IF EXISTS `localidades`;
/*!40101 SET @saved_cs_client     = @@character_set_client */;
/*!40101 SET character_set_client = utf8 */;
CREATE TABLE `localidades` (
  `idlocalidad` int(10) unsigned NOT NULL AUTO_INCREMENT,
  `nombre` varchar(255) COLLATE utf8_unicode_ci NOT NULL,
  `idprovincia` int(10) unsigned NOT NULL,
  `created_at` timestamp NULL DEFAULT NULL,
  `updated_at` timestamp NULL DEFAULT NULL,
  PRIMARY KEY (`idlocalidad`),
  KEY `localidades_idprovincia_foreign` (`idprovincia`),
  CONSTRAINT `localidades_idprovincia_foreign` FOREIGN KEY (`idprovincia`) REFERENCES `provincias` (`idprovincia`)
) ENGINE=InnoDB AUTO_INCREMENT=40 DEFAULT CHARSET=utf8 COLLATE=utf8_unicode_ci;
/*!40101 SET character_set_client = @saved_cs_client */;

--
-- Dumping data for table `localidades`
--

LOCK TABLES `localidades` WRITE;
/*!40000 ALTER TABLE `localidades` DISABLE KEYS */;
INSERT INTO `localidades` VALUES (1,'PAMPLONA',31,NULL,NULL),(2,'ALCOBENDAS',32,NULL,NULL),(3,'PINTO',32,NULL,NULL),(4,'DONOSTI',35,NULL,NULL),(6,'Barcelona',33,NULL,NULL),(7,'valencia',34,NULL,NULL),(9,'Madrid',32,NULL,NULL),(10,'TUDELA',31,NULL,NULL),(11,'ANSOAIN',31,NULL,NULL),(14,'ABADFASDF',36,NULL,NULL),(15,'ZADSFADSFADSF',36,NULL,NULL),(38,'Ruben',36,NULL,NULL),(39,'asdgasdg',72,NULL,NULL);
/*!40000 ALTER TABLE `localidades` ENABLE KEYS */;
UNLOCK TABLES;

--
-- Table structure for table `menuitem`
--

DROP TABLE IF EXISTS `menuitem`;
/*!40101 SET @saved_cs_client     = @@character_set_client */;
/*!40101 SET character_set_client = utf8 */;
CREATE TABLE `menuitem` (
  `idmenuitem` int(11) unsigned NOT NULL AUTO_INCREMENT,
  `idmenu` int(11) DEFAULT NULL,
  `idmenuitem_padre` int(11) DEFAULT NULL,
  `Titulo` varchar(45) DEFAULT NULL,
  `Ruta` varchar(45) DEFAULT NULL,
  `session` varchar(45) DEFAULT NULL,
  `imagen` varchar(45) DEFAULT NULL,
  PRIMARY KEY (`idmenuitem`)
) ENGINE=InnoDB AUTO_INCREMENT=61 DEFAULT CHARSET=latin1;
/*!40101 SET character_set_client = @saved_cs_client */;

--
-- Dumping data for table `menuitem`
--

LOCK TABLES `menuitem` WRITE;
/*!40000 ALTER TABLE `menuitem` DISABLE KEYS */;
INSERT INTO `menuitem` VALUES (45,1,0,'Imagen','/admin/Imagen','imagen','fa-tachometer'),(48,1,0,'InfoCuenta','/admin/infocuenta','InfoCuenta','fa-tachometer'),(56,1,0,'Otro','admin/otro','otro','fa-tachometer'),(57,1,0,'mas','admin/mas','mas','fa-times'),(60,1,45,'Provincias1','asdf','asdf','asdfasdf');
/*!40000 ALTER TABLE `menuitem` ENABLE KEYS */;
UNLOCK TABLES;

--
-- Table structure for table `menus`
--

DROP TABLE IF EXISTS `menus`;
/*!40101 SET @saved_cs_client     = @@character_set_client */;
/*!40101 SET character_set_client = utf8 */;
CREATE TABLE `menus` (
  `idmenu` int(11) NOT NULL,
  `descripcion` varchar(45) DEFAULT NULL,
  PRIMARY KEY (`idmenu`),
  UNIQUE KEY `idmenu_UNIQUE` (`idmenu`)
) ENGINE=InnoDB DEFAULT CHARSET=latin1;
/*!40101 SET character_set_client = @saved_cs_client */;

--
-- Dumping data for table `menus`
--

LOCK TABLES `menus` WRITE;
/*!40000 ALTER TABLE `menus` DISABLE KEYS */;
INSERT INTO `menus` VALUES (1,'ADMIN'),(2,'2'),(3,'3'),(4,'1');
/*!40000 ALTER TABLE `menus` ENABLE KEYS */;
UNLOCK TABLES;

--
-- Table structure for table `messages`
--

DROP TABLE IF EXISTS `messages`;
/*!40101 SET @saved_cs_client     = @@character_set_client */;
/*!40101 SET character_set_client = utf8 */;
CREATE TABLE `messages` (
  `id` int(10) unsigned NOT NULL AUTO_INCREMENT,
  `from` int(10) unsigned NOT NULL,
  `to` int(10) unsigned NOT NULL,
  `read` tinyint(1) NOT NULL DEFAULT '0',
  `text` text COLLATE utf8mb4_unicode_ci NOT NULL,
  `created_at` timestamp NULL DEFAULT NULL,
  `updated_at` timestamp NULL DEFAULT NULL,
  PRIMARY KEY (`id`)
) ENGINE=InnoDB DEFAULT CHARSET=utf8mb4 COLLATE=utf8mb4_unicode_ci;
/*!40101 SET character_set_client = @saved_cs_client */;

--
-- Dumping data for table `messages`
--

LOCK TABLES `messages` WRITE;
/*!40000 ALTER TABLE `messages` DISABLE KEYS */;
/*!40000 ALTER TABLE `messages` ENABLE KEYS */;
UNLOCK TABLES;

--
-- Table structure for table `migrations`
--

DROP TABLE IF EXISTS `migrations`;
/*!40101 SET @saved_cs_client     = @@character_set_client */;
/*!40101 SET character_set_client = utf8 */;
CREATE TABLE `migrations` (
  `id` int(10) unsigned NOT NULL AUTO_INCREMENT,
  `migration` varchar(255) COLLATE utf8mb4_unicode_ci NOT NULL,
  `batch` int(11) NOT NULL,
  PRIMARY KEY (`id`)
) ENGINE=InnoDB AUTO_INCREMENT=7 DEFAULT CHARSET=utf8mb4 COLLATE=utf8mb4_unicode_ci;
/*!40101 SET character_set_client = @saved_cs_client */;

--
-- Dumping data for table `migrations`
--

LOCK TABLES `migrations` WRITE;
/*!40000 ALTER TABLE `migrations` DISABLE KEYS */;
INSERT INTO `migrations` VALUES (3,'2017_12_23_202547_create_paquetes_table',1),(4,'2018_05_08_205408_create_messages_table',2),(5,'2018_05_14_160552_create_promocions_table',2),(6,'2018_05_14_221217_add_read_to_messages',2);
/*!40000 ALTER TABLE `migrations` ENABLE KEYS */;
UNLOCK TABLES;

--
-- Table structure for table `pagos`
--

DROP TABLE IF EXISTS `pagos`;
/*!40101 SET @saved_cs_client     = @@character_set_client */;
/*!40101 SET character_set_client = utf8 */;
CREATE TABLE `pagos` (
  `id` int(10) unsigned NOT NULL AUTO_INCREMENT,
  `payerID` varchar(50) COLLATE utf8mb4_unicode_ci NOT NULL,
  `paymentID` varchar(100) COLLATE utf8mb4_unicode_ci NOT NULL,
  `iduser` int(10) unsigned NOT NULL,
  `fecha_pago` date NOT NULL,
  `dias` int(11) NOT NULL,
  `precio` decimal(5,2) NOT NULL,
  `total` decimal(5,2) NOT NULL,
  PRIMARY KEY (`id`)
) ENGINE=InnoDB AUTO_INCREMENT=54 DEFAULT CHARSET=utf8mb4 COLLATE=utf8mb4_unicode_ci;
/*!40101 SET character_set_client = @saved_cs_client */;

--
-- Dumping data for table `pagos`
--

LOCK TABLES `pagos` WRITE;
/*!40000 ALTER TABLE `pagos` DISABLE KEYS */;
INSERT INTO `pagos` VALUES (22,'2ZU2PGVBQSZR8','PAY-2KX58957BN411041RLL452VQ',1022,'2018-05-14',14,3.57,49.98),(23,'2ZU2PGVBQSZR8','PAY-65N14166V0606100WLL453QY',1022,'2018-05-14',40,2.50,100.00),(24,'2ZU2PGVBQSZR8','PAY-9DL62089F5385973SLL4575Q',1022,'2018-05-14',40,2.50,100.00),(25,'2ZU2PGVBQSZR8','PAY-1XL49171G70659413LL46EYQ',1024,'2018-05-14',40,2.50,100.00),(26,'2ZU2PGVBQSZR8','PAY-6AN51684TB901933SLL46FTY',1024,'2018-05-14',40,2.50,100.00),(27,'2ZU2PGVBQSZR8','PAY-5ES16155EY251982LLL46GMY',1024,'2018-05-14',14,3.57,49.98),(28,'2ZU2PGVBQSZR8','PAY-9BU46178E1391943TLL5PIUI',1024,'2018-05-15',40,2.50,100.00),(29,'2ZU2PGVBQSZR8','PAY-74090824439761827LL6IYNQ',1024,'2018-05-16',14,3.57,49.98),(30,'2ZU2PGVBQSZR8','PAY-52K9651969633180BLL6IZ5A',1024,'2018-05-16',40,2.50,100.00),(31,'2ZU2PGVBQSZR8','PAY-6RX73428TU917042LLL6I4ZQ',1024,'2018-05-16',40,2.50,100.00),(32,'2ZU2PGVBQSZR8','PAY-3153437685615660VLL6RUBA',1024,'2018-05-17',40,2.50,100.00),(33,'2ZU2PGVBQSZR8','PAY-1WL15378KA1557708LPDCSBA',1024,'2018-10-16',40,2.50,100.00),(34,'2ZU2PGVBQSZR8','PAY-31U352366A748205RLPVLHVI',1022,'2018-11-13',40,2.50,100.00),(35,'2ZU2PGVBQSZR8','PAY-41W78248E76530036LPW2GYQ',1024,'2018-11-15',14,3.57,49.98),(36,'2ZU2PGVBQSZR8','PAY-3M853021WR0707501LPYD5PA',1024,'2018-11-17',40,2.50,100.00),(37,'2ZU2PGVBQSZR8','PAY-7A044950FT5042431LPYD6PI',1024,'2018-11-17',40,2.50,100.00),(38,'2ZU2PGVBQSZR8','PAY-1GA00628XR336183FLPYD72Y',1024,'2018-11-17',7,4.00,28.00),(39,'2ZU2PGVBQSZR8','PAY-2S876322GM309400YLPYEBCA',1024,'2018-11-17',7,4.00,28.00),(40,'2ZU2PGVBQSZR8','PAY-31R61304CU4180744LPYECFQ',1024,'2018-11-17',7,4.00,28.00),(41,'2ZU2PGVBQSZR8','PAY-2W556562KV446981HLPYEDAI',1024,'2018-11-17',7,4.00,28.00),(42,'2ZU2PGVBQSZR8','PAY-0XT5676527886212GLPYEDVA',1024,'2018-11-17',40,2.50,100.00),(43,'2ZU2PGVBQSZR8','PAY-4YK124224A069930NLPYEHNI',1024,'2018-11-17',40,2.50,100.00),(44,'2ZU2PGVBQSZR8','PAY-2XY10786335668805LPYEMVQ',1024,'2018-11-17',40,2.50,100.00),(45,'2ZU2PGVBQSZR8','PAY-2V0701513P1524254LPYENMI',1022,'2018-11-17',40,2.50,100.00),(46,'2ZU2PGVBQSZR8','PAY-8K148391EJ008121SLPYWNQA',1022,'2018-11-18',100,2.00,200.00),(47,'2ZU2PGVBQSZR8','PAY-19R43984DU900530DLPYWQ6Q',1022,'2018-11-18',100,2.00,200.00),(48,'2ZU2PGVBQSZR8','PAY-1V801496JX4518459LQEPAZI',1024,'2018-12-06',100,2.00,200.00),(49,'2ZU2PGVBQSZR8','PAY-8BW81564VN6797351LQJKBFY',1024,'2018-12-13',7,4.00,28.00),(50,'2ZU2PGVBQSZR8','PAY-2TC45129DN5792714LQNGNMY',1024,'2018-12-19',100,2.00,200.00),(51,'BRM3UVKLFQ8AU','PAY-0F948755YL8192439LQNGPPI',1024,'2018-12-19',100,2.00,200.00),(52,'2ZU2PGVBQSZR8','PAY-3B625520916531638LQT6X6Q',1026,'2018-12-29',100,2.00,200.00),(53,'2ZU2PGVBQSZR8','PAY-5GE08824CY089210CLQT6YIA',1026,'2018-12-29',100,2.00,200.00);
/*!40000 ALTER TABLE `pagos` ENABLE KEYS */;
UNLOCK TABLES;

--
-- Table structure for table `pagosporlotes`
--

DROP TABLE IF EXISTS `pagosporlotes`;
/*!40101 SET @saved_cs_client     = @@character_set_client */;
/*!40101 SET character_set_client = utf8 */;
CREATE TABLE `pagosporlotes` (
  `idpagosporlotes` int(11) unsigned NOT NULL AUTO_INCREMENT,
  `payout_batch_id` varchar(45) DEFAULT NULL,
  `importecargado` decimal(5,2) DEFAULT NULL,
  `importecobrado` decimal(5,2) DEFAULT NULL,
  `itemsfacturas` int(11) DEFAULT NULL,
  `estado` varchar(45) DEFAULT NULL,
  PRIMARY KEY (`idpagosporlotes`)
) ENGINE=InnoDB AUTO_INCREMENT=56 DEFAULT CHARSET=latin1;
/*!40101 SET character_set_client = @saved_cs_client */;

--
-- Dumping data for table `pagosporlotes`
--

LOCK TABLES `pagosporlotes` WRITE;
/*!40000 ALTER TABLE `pagosporlotes` DISABLE KEYS */;
INSERT INTO `pagosporlotes` VALUES (41,'EKGHV9DE5AC2U',24.12,24.12,NULL,'SUCCESS'),(42,'FUD7SLQQ4G482',24.12,16.08,NULL,'SUCCESS'),(43,'G97L6GDKJ4QGG',8.04,8.04,NULL,'SUCCESS'),(44,'S2QTK5EG8YQCE',8.04,8.04,NULL,'SUCCESS'),(45,'AEEPFVSLL4DHA',8.04,8.04,NULL,'SUCCESS'),(46,'LX4HN2CR3DLJ6',16.08,16.08,NULL,'SUCCESS'),(47,'S26SPGLTVP9FC',24.12,24.12,NULL,'SUCCESS'),(48,'BZ3EEAC58ECDE',10.05,10.05,NULL,'SUCCESS'),(49,'GDGJNW2EFLPQE',30.15,30.15,NULL,'SUCCESS'),(50,'RJMT2PW82AF3S',16.08,16.08,NULL,'SUCCESS'),(51,'YVLY5YLKHW6VC',32.16,32.16,NULL,'SUCCESS'),(52,'7X6GRPZFXQC76',16.08,16.08,NULL,'SUCCESS'),(53,'3VZ6VLZPTUXRU',8.04,8.04,NULL,'SUCCESS'),(54,'TSFCXJULQCFVU',10.05,10.05,NULL,'SUCCESS'),(55,'LXPSMYPP69CX8',10.05,10.05,NULL,'SUCCESS');
/*!40000 ALTER TABLE `pagosporlotes` ENABLE KEYS */;
UNLOCK TABLES;

--
-- Table structure for table `paquetes`
--

DROP TABLE IF EXISTS `paquetes`;
/*!40101 SET @saved_cs_client     = @@character_set_client */;
/*!40101 SET character_set_client = utf8 */;
CREATE TABLE `paquetes` (
  `idpaquete` int(10) unsigned NOT NULL AUTO_INCREMENT,
  `tipo` enum('GRATIS','PAGO') COLLATE utf8mb4_unicode_ci NOT NULL DEFAULT 'GRATIS',
  `idanunciante` int(10) unsigned NOT NULL,
  `total` int(11) NOT NULL,
  `dcontratados` int(11) NOT NULL,
  `drestantes` int(11) NOT NULL,
  `fechaReg` date NOT NULL,
  `fechaUlt` date NOT NULL,
  `estado` enum('EN VIGOR','AGOTADO') COLLATE utf8mb4_unicode_ci NOT NULL DEFAULT 'EN VIGOR',
  `parte_partner` decimal(5,2) DEFAULT NULL,
  `parte_adminpro` decimal(5,2) DEFAULT NULL,
  `parte_admin` decimal(5,2) DEFAULT NULL,
  PRIMARY KEY (`idpaquete`)
) ENGINE=InnoDB AUTO_INCREMENT=42 DEFAULT CHARSET=utf8mb4 COLLATE=utf8mb4_unicode_ci;
/*!40101 SET character_set_client = @saved_cs_client */;

--
-- Dumping data for table `paquetes`
--

LOCK TABLES `paquetes` WRITE;
/*!40000 ALTER TABLE `paquetes` DISABLE KEYS */;
INSERT INTO `paquetes` VALUES (34,'PAGO',1022,100,100,66,'2018-11-18','2018-11-18','EN VIGOR',0.67,0.67,0.67),(35,'GRATIS',1026,30,30,0,'2018-11-18','2018-11-18','AGOTADO',0.00,0.00,0.00),(36,'PAGO',1024,100,100,35,'2018-12-06','2018-12-06','EN VIGOR',0.67,0.67,0.67),(37,'PAGO',1024,7,7,7,'2018-12-13','2018-12-13','EN VIGOR',1.33,1.33,1.33),(38,'PAGO',1024,100,100,100,'2018-12-19','2018-12-19','EN VIGOR',0.67,0.67,0.67),(39,'PAGO',1024,100,100,100,'2018-12-19','2018-12-19','EN VIGOR',0.67,0.67,0.67),(40,'PAGO',1026,100,100,88,'2018-12-29','2018-12-29','EN VIGOR',0.67,0.67,0.67),(41,'PAGO',1026,100,100,100,'2018-12-29','2018-12-29','EN VIGOR',0.67,0.67,0.67);
/*!40000 ALTER TABLE `paquetes` ENABLE KEYS */;
UNLOCK TABLES;

--
-- Table structure for table `promociones`
--

DROP TABLE IF EXISTS `promociones`;
/*!40101 SET @saved_cs_client     = @@character_set_client */;
/*!40101 SET character_set_client = utf8 */;
CREATE TABLE `promociones` (
  `id` int(11) NOT NULL AUTO_INCREMENT,
  `dias` int(11) DEFAULT NULL,
  `importe` int(11) DEFAULT NULL,
  `fecha_inicio` datetime DEFAULT NULL,
  `fecha_fin` datetime DEFAULT NULL,
  `status` tinyint(4) DEFAULT NULL,
  `descripcion` varchar(200) DEFAULT NULL,
  `numcompras` int(11) DEFAULT '0',
  PRIMARY KEY (`id`)
) ENGINE=InnoDB AUTO_INCREMENT=5 DEFAULT CHARSET=latin1;
/*!40101 SET character_set_client = @saved_cs_client */;

--
-- Dumping data for table `promociones`
--

LOCK TABLES `promociones` WRITE;
/*!40000 ALTER TABLE `promociones` DISABLE KEYS */;
INSERT INTO `promociones` VALUES (1,7,28,'2018-05-01 00:00:00','2018-07-31 00:00:00',1,'7 dias 28€',3),(2,14,50,'2018-05-01 00:00:00','2018-05-01 00:00:00',1,'14 dias 50€',3),(3,40,100,'2018-05-01 00:00:00','2018-05-31 00:00:00',1,'40 dias 100€',11),(4,100,200,'2018-05-01 00:00:00','2018-05-01 00:00:00',1,'100 dias 200 €',7);
/*!40000 ALTER TABLE `promociones` ENABLE KEYS */;
UNLOCK TABLES;

--
-- Table structure for table `promocions`
--

DROP TABLE IF EXISTS `promocions`;
/*!40101 SET @saved_cs_client     = @@character_set_client */;
/*!40101 SET character_set_client = utf8 */;
CREATE TABLE `promocions` (
  `id` int(10) unsigned NOT NULL AUTO_INCREMENT,
  `created_at` timestamp NULL DEFAULT NULL,
  `updated_at` timestamp NULL DEFAULT NULL,
  PRIMARY KEY (`id`)
) ENGINE=InnoDB DEFAULT CHARSET=utf8mb4 COLLATE=utf8mb4_unicode_ci;
/*!40101 SET character_set_client = @saved_cs_client */;

--
-- Dumping data for table `promocions`
--

LOCK TABLES `promocions` WRITE;
/*!40000 ALTER TABLE `promocions` DISABLE KEYS */;
/*!40000 ALTER TABLE `promocions` ENABLE KEYS */;
UNLOCK TABLES;

--
-- Table structure for table `provincias`
--

DROP TABLE IF EXISTS `provincias`;
/*!40101 SET @saved_cs_client     = @@character_set_client */;
/*!40101 SET character_set_client = utf8 */;
CREATE TABLE `provincias` (
  `idprovincia` int(10) unsigned NOT NULL AUTO_INCREMENT,
  `nombre` varchar(255) COLLATE utf8_unicode_ci NOT NULL,
  `idresponsable` int(10) unsigned NOT NULL,
  `habilitado` tinyint(1) NOT NULL,
  `iddelegado` varchar(45) COLLATE utf8_unicode_ci NOT NULL,
  `coordenadas` varchar(3000) COLLATE utf8_unicode_ci DEFAULT NULL,
  PRIMARY KEY (`idprovincia`),
  KEY `provincias_idresponsable_foreign` (`idresponsable`),
  CONSTRAINT `provincias_idresponsable_foreign` FOREIGN KEY (`idresponsable`) REFERENCES `users` (`id`)
) ENGINE=InnoDB AUTO_INCREMENT=82 DEFAULT CHARSET=utf8 COLLATE=utf8_unicode_ci;
/*!40101 SET character_set_client = @saved_cs_client */;

--
-- Dumping data for table `provincias`
--

LOCK TABLES `provincias` WRITE;
/*!40000 ALTER TABLE `provincias` DISABLE KEYS */;
INSERT INTO `provincias` VALUES (31,'NAVARRA',1020,1,'1021','M506.68,20.31L507.44,20.45L507.96,22.74L508.98,22.82L509.31,21.21L510.2,20.98L513.17,22.14L513.93,21.84L514.83,22.68L514.88,25.39L513.89,27.92L512.09,29.69L513.08,31.38L515.77,32.14L516.04,29.35L518.33,28.36L517.15,30.41L518.53,31.46L520.11,31.16L522.17,32.23L522.28,32.99L523.08,32.34L524.41,33.4L526.38,33.69L528.31,35.25L529.46,34.8L532.49,35.34L534.24,34.68L534.98,36.68L534.98,36.68L533.27,36.58L532.17,37.46L532.19,38.77L531.02,39.7L531.3,42.24L530.51,43.37L529.67,43.3L529.66,44.04L529.66,44.04L529.66,44.04L529.66,44.04L528.98,43.99L527.57,45.67L525.76,45.82L524.99,48.22L521.94,48L521.78,49.54L521.1,49.65L521.77,50L520.43,50.88L520.4,52.07L519.68,52.38L518.5,51.77L517.78,53.18L518.25,54.86L516.14,57.28L515.58,59.17L516.52,60.12L514.38,62.77L513.81,66.05L514.6,67.38L514.38,69.58L515.81,71.77L517.09,71.8L517.27,73.01L514.02,78.11L509.49,78.32L506.55,76.2L504.68,76.55L503.09,74.95L501.04,74.98L500.63,74.45L500.63,74.45L498.96,73.56L499.23,71.28L501.41,68.45L502.63,69.11L503.92,68.61L504.53,69.28L505.77,68.53L505.11,67.65L505.71,66.85L504.36,65.94L502.07,65.6L500.57,64.11L499.84,64.35L499.9,62.86L498.56,62.37L498.44,61.29L497.04,61.01L496.07,59.78L493.18,60.47L493.51,59.56L492.39,58.29L492.52,57.46L489.3,57.62L487.1,55.48L486.81,55.89L485.75,55.45L485.32,56.14L483.03,54.57L483.03,54.57L482.98,53.64L483.9,53.43L483.76,50.02L483.01,49.68L482.03,51.34L481.75,50.5L480.88,50.59L480.59,49.29L481.11,49.47L483.18,47.37L484.39,47.87L484.22,48.55L487.08,47.69L486,44.82L486.21,44.18L487.88,43.81L487.31,42.28L488.8,39.83L488.24,37.67L488.24,37.67L489.48,35.4L490.38,36.02L491.96,35.84L493.01,34.46L494.76,34.1L495.24,30.58L498.94,27.64L498.38,27.03L498.51,23.97L499.56,24.65L500,23.66L500.22,24.42L502.23,22.97L502.59,21.29L504.25,20.9L504.25,20.9z'),(32,'MADRID',1020,1,'1021','M426.12,128.68l0.54,0.92l-1.91,0.24l0,0l0.07,-0.78L426.12,128.68zM448.69,108.91l1.59,2.88l1.91,0.43l-0.38,1.66l1.34,1.72l-0.72,0.51l-0.81,3.21l-0.48,-0.01l0.59,1.3l-0.99,0.47l-0.09,1.54l-1.05,1.52l1.37,0.18l0.69,0.95l-0.23,0.92l0.52,0.29l-1.02,1.66l1.92,0.79l0.36,-0.91l1.67,2.26l0.66,-0.71l-0.62,1.16l0.22,1.13l1.45,1.04l-0.42,1.37l1.45,-0.26l1.51,1.17l0.06,2.91l1.31,0.13l0.78,1.37l-2,6.31l0.69,0.55l1.95,-2.05l1.28,5.11l0,0l-0.63,-0.21l-0.26,0.81l1.24,1.17l-0.13,0.91l-1.75,1.15l-1.33,-0.14l0,0l-0.42,-1.03l-0.92,1.28l-2.2,0.46l-1.77,-1.36l-1.31,0.26l-0.53,1.59l-3.46,-0.51l-0.39,1.09l-2.14,0.3l-1.49,0.99l0.1,0.9l-3.37,1.02l-1.81,2.23l-2.02,-0.8l-0.19,-0.96l1.13,-0.54l0.22,0.48l0.22,-0.66l1.16,0.01l0.68,-0.79l-0.16,0.7l0.45,-0.04l-0.18,-0.83l1.08,0.18l-0.62,-0.57l3.86,-3.01l0.43,-2.11l-1.85,-1.38l-0.74,0.43l-0.91,-0.61l-0.75,0.61l-1.87,-1.79l-0.89,0.65l-1.26,-1.19l-1.68,-0.51l-0.56,0.59l-0.11,-0.93l-1.21,0.1l-0.96,-1.58l-1.46,-0.63l-1.01,0.92l-1.21,-0.13l-0.01,-0.77l-1.45,-1.31l-0.38,1.12l-1.29,-0.19l-0.78,1.62l-1.54,0.32l-0.82,-0.46l-0.27,-2.93l-0.74,-0.35l-0.09,1.17l-1.58,1.2l-0.05,0.87l-3.02,1.53l-1.32,-0.71l0,0l0.56,-0.21l-0.26,-1.38l1.23,-1.42l-0.53,-1.98l0.62,-0.11l0.68,1.2l1.5,-0.19l1.03,-3.47l3.1,-0.17l-0.6,-0.74l0.74,-1.46l-0.37,-2.79l1.19,-1.19l-0.01,-2.56l1.46,1.03l2.49,-0.85l0.03,-2.68l0,0l2.77,-4.19l2.77,0.39l1.29,-5.78l1.31,-1.61l3.48,-1.35l1.31,-2.17l1.92,-1.32l1.94,-2.54L448.69,108.91zM454.03,130.17l-0.17,0.58l0,0l-0.34,-0.19l0,0L454.03,130.17z'),(33,'BARCELONA',1020,1,'1021','M613.85,62.14l1.86,-0.7l5.12,1.31l-1.63,2.43l0.41,0.7l0.71,-0.15l0.22,1.72l-1.71,0.65l0.08,-1.32l-1.29,-0.21l1.19,2.05l1.75,0.57l0.96,-0.36l1.03,1.29l0.58,-0.75l1.73,0.29l0.43,-0.73l1.69,-0.13l0.91,0.45l-0.14,1.3l2.18,-0.77l1.05,0.79l0.53,1.54l1.15,-0.54l1.1,0.44l0.26,2.71l-0.92,0.32l0.59,0.38l-0.42,0.63l-1.39,0.02l1.6,2.17l-1.16,1.15l-1.11,-0.32l-0.75,0.99l-0.4,-0.57l-1.28,0.1l0.72,3.01l2.62,0.29l2.42,1.66l0.97,1.76l3.39,-1.17l3.66,0.5l-0.58,2.31l0.59,1.17l0,0l-6.9,2.94l-5.25,3.42l-3.53,1.46l-4.7,6.93l-14.35,3.81l0,0l-0.13,-1.61l-0.6,0.49l-1.22,-0.57l-0.35,-0.96l1.52,0.29l0.52,-1.72l-1.49,0.08l0.21,-0.62l-1.11,-1.38l0.59,-0.79l-1.26,-0.93l-0.84,-0.37l-1.11,0.56l0.53,-0.84l-0.46,-1.14l0.62,-0.25l-0.82,-0.34l0.49,-1.26l-2.71,-1.55l0.38,-0.9l1.22,-0.09l-0.54,-0.76l0.72,-0.55l-1.89,-0.24l0,0l0.42,-1.04l-1.44,-0.53l2.78,-1.35l-2.09,-2.42l1.32,-1.11l-0.67,-0.51l0.43,-2.02l1.66,-0.26l-0.31,0.99l1.34,-0.46l0.8,1.45l1.28,-1.21l0.65,0.18l-0.14,-1.07l1.27,-2.25l-0.34,-0.93l-1.54,0.06l2.58,-2l-0.09,-2.09l0.77,-0.12l0.23,0.62l1.12,-0.7l-0.66,-1.24l-0.01,1.21l-1.52,-0.62l0.25,-0.85l0.31,0.72l1.03,-1.07l-0.21,-0.68l-0.63,0.21l0.08,-0.75l0.52,-1.15l0.94,-0.16l-0.72,-1.84l1.24,-1.68l-0.04,-0.53l-1.76,-0.7l0.73,-1.23l-0.43,-1.69l-0.61,-0.19L613.85,62.14zM619.59,69.79l-0.68,0.58l-0.15,-0.75L619.59,69.79z'),(34,'VALENCIA',1020,1,'1021','M522.25,156.92l0.63,0.44l0.51,-0.56l3.49,-0.27l1.82,1.03l0.35,-0.33l0.55,1.3l-0.3,2.37l0.74,0.81l0.77,0.19l2.02,-1.34l0,0l2.06,2.63l1.21,-1.49l1.07,0.66l0.12,3.26l0.66,0.31l1.31,0.19l0.34,-1.25l1.43,-0.91l2.28,3.23l1.89,-1.81l0.52,-1.58l1.52,-0.06l2.06,2.28l2.22,0.87l0,0l-0.78,2.99l-1.1,0.84l-2.04,4.05l-0.55,3.96l1.28,4.62l2.35,4.72l-0.74,0.49l0.1,1.83l1.52,3.61l4.6,5.92l0,0l0.11,1.12l-1.12,-1.12l-2.38,1.07l-0.39,-1.14l-2.14,1.33l-2.46,-1.1l-2.19,1.84l-0.61,-0.21l-2.22,1.41l-3.24,0.12l-0.49,0.41l0.37,0.86l0.75,0.57l0.87,-0.52l0.75,0.95l-3.4,2.21l-0.78,-1.61l-1.96,-0.24l-0.85,-1l-3.06,1.06l-0.83,-1.51l-1.3,0.15l-0.76,-0.66l0,0l0.14,-4.23l-1.07,-2.08l-5.75,0.6l-3.69,-4.78l0.34,-2.17l2.3,-4.16l0.49,-3.9l-4.52,-1.29l-0.73,0.36l-2.39,-1.83l-1.26,0.76l0.07,-1.49l-0.63,0.3l-0.33,-1.25l-0.65,0.19l0,0l0.27,-0.43l-0.75,-0.11l0.51,-5.24l1.3,-0.5l1.35,-3.11l1.52,-1.38l1.71,0.76l1.02,-0.29l0.54,-0.83l-0.41,-1.51l1.85,-2.85l0.46,-2.02l-0.25,-3.36L522.25,156.92zM512.85,149.99l2.82,0.66l1.24,-0.83l-0.2,-1.41l0.76,-1.07l0.43,1.61l1.23,1.02l-0.02,1.19l3,0.09l2.31,2.13l-0.37,0.97l-2.48,1.04l0,0l-2.54,0.6l-3.95,-0.85l-1.33,-3.08l0.39,-0.31l-1.49,-1.18L512.85,149.99z'),(35,'GUIPUZCOA',1020,1,'1021','M502.31,16.81L502.13,18.77L504.04,19.49L504.25,20.9L504.25,20.9L502.59,21.29L502.23,22.97L500.22,24.42L500,23.66L499.56,24.65L498.51,23.97L498.38,27.03L498.94,27.64L495.24,30.58L494.76,34.1L493.01,34.46L491.96,35.84L490.38,36.02L489.48,35.4L488.24,37.67L488.24,37.67L487.05,37.39L486.66,36.4L485.05,35.4L479.51,34.42L479.29,35.39L478.11,34.8L477.44,34.05L477.63,32.92L479.07,32.48L479.83,31.45L479.16,29.62L479.16,29.62L480.56,29.27L480.29,26.55L481.06,26.13L480.66,24.08L482.54,23.1L483.1,22.08L482.53,20.75L483.28,19.84L483.28,19.84L485.09,20.85L487.21,20.95L488.92,20.26L490.48,21.26L492.03,21.13L498.16,19.25z'),(36,'ALAVA',1020,0,'1021','M460.91,26.55l0.92,0.76l1.12,-0.12l1.47,-0.63l0.32,-1.74l0.3,0.26l0.82,-0.22l1.36,2.75l-1.14,1.71l2.42,2.05l0.93,-0.23l2.89,1.05l4.18,0.29l-0.86,-2.27l3.53,-0.58l0,0l0.67,1.83l-0.76,1.03l-1.44,0.44l-0.19,1.13l0.67,0.75l1.18,0.59l0.22,-0.97l5.54,0.98l1.61,1l0.39,0.99l1.19,0.28l0,0l0.56,2.17l-1.48,2.45l0.57,1.54l-1.67,0.37l-0.21,0.64l1.08,2.87l-2.87,0.86l0.18,-0.68l-1.21,-0.5l-2.06,2.1l-0.52,-0.18l0.29,1.29l0.87,-0.08l0.27,0.84l0.99,-1.66l0.75,0.33l0.14,3.41l-0.92,0.22l0.04,0.93l0,0l-2.89,-0.03l0.15,-1.24l-0.62,1.5l-1.16,-0.42l-0.9,0.88l-0.26,-1.27l-1.3,0.84l-0.86,-1.76l-0.91,0.37l0.77,-3.23l-2.55,-1.18l-0.43,1.7l-1.45,1.12l-0.48,-1.11l0.64,-1.37l-0.67,0.25l-0.5,-1.23l0,0l-1.16,-0.7l-0.2,-1.6l-0.86,-0.61l-1.54,0.18l-1.09,-1.53l-0.75,0.08l-0.27,-1.13l-3.01,0.37l0.76,-1.36l-1.1,-0.64l1.41,-2.35l-0.05,-1.18l-1.4,1.37l-0.92,-0.55l-0.97,1.29l0.51,0.47l-2.37,-2.01l1.78,-3.1l2.46,0.63l-0.15,0.73l1.84,0.77l2.17,-0.4l1.15,-1.26l-1.81,-1.28l-0.6,-1.42l-3.61,-0.77l1.1,-0.33l0.05,-1.56l-0.55,-0.29l0.74,-0.97l-1.47,-0.99L460.91,26.55z'),(38,'ALBACETE',1020,1,'1021','M511.12,178.92L511.77,178.73L512.1,179.98L512.73,179.69L512.66,181.18L513.91,180.42L516.3,182.24L517.04,181.88L521.56,183.17L521.07,187.06L518.78,191.23L518.44,193.4L522.12,198.18L527.87,197.59L528.94,199.66L528.8,203.9L528.8,203.9L527.81,204.25L529.21,207.34L527.77,208.87L525.82,208.92L525.82,208.92L523.06,206.78L522.94,205.7L520.98,205.05L518.97,205.68L516.1,208.06L515.37,207.01L514.28,207.52L512.88,209.16L512.74,211.81L511.67,212.53L511.33,213.75L511.94,219.82L508.54,222.36L506.06,222.32L505.37,221.34L505.52,220.24L503.81,219.63L502.2,220.06L502.56,220.61L498.77,222.88L496.36,223.51L494.43,222.57L492.45,225.21L489.39,226.62L487.91,230.07L485.81,231.92L485.45,233.45L485.45,233.45L482.94,233.15L479.02,231.19L479.02,231.19L482.24,227.27L482.54,223.88L481.05,222.79L481.1,218.99L478.4,218.36L478.55,215.37L477.75,214.58L475.29,215.13L472.55,213.72L472.55,213.72L473.02,213.17L472.5,210L473.58,210.46L475.41,209.17L476.36,205.82L474.54,203.91L473.47,203.97L472.56,200.11L468.85,197.83L470.4,194.49L471.08,194.47L471.23,192.3L470.08,190.11L473.75,184.97L473.16,182.87L473.16,182.87L476.94,182L479.03,182.66L480.26,181.92L484.46,186.24L485.19,184.45L486.08,184.23L487.08,186.48L490.77,184.33L494.37,184.9L492.98,181.26L495.31,181.54L495.05,182.08L496.25,183.83L499.4,183.4L503,184.35L503.94,182.75z'),(39,'ALICANTE',1020,1,'1021','M528.8,203.9l0.76,0.66l1.31,-0.15l0.83,1.51l3.06,-1.06l0.85,1l1.96,0.24l0.78,1.61l3.4,-2.21l-0.75,-0.95l-0.87,0.52l-0.75,-0.57l-0.37,-0.86l0.49,-0.41l3.24,-0.12l2.22,-1.41l0.61,0.21l2.19,-1.84l2.46,1.1l2.14,-1.33l0.39,1.14l2.38,-1.07l1.12,1.13l-0.11,-1.12l0,0l4.6,1.57l2.68,1.66l-0.31,1.19l1.11,0.35l0.2,1.25l-0.91,0.02l-3.31,2.44l-0.66,0.96l0.31,0.54l-1.07,-0.4l-2.34,0.89l-1.05,1.48l0.42,0.7l-1.47,1.55l-1.57,-0.52l-6.98,3.68l-0.8,1.19l-0.02,2.32l-1.31,-0.41l-2.33,2.86l0.32,3.46l-3.2,1.05l-0.93,2.44l-0.08,4.33l-1.52,1.17l-0.68,2.24l-0.96,0.52l-0.37,1.98l0,0l-2.08,-0.67l-2.15,-2.28l-3.99,-6.75l-0.19,-1.57l1.47,-2.42l0.65,-2.82L526.96,222l-2.93,-1.01l-0.3,-3.58l2.46,-2.29l-0.38,-0.99l0.76,-1.97l-0.75,-3.24l0,0l1.95,-0.05l1.43,-1.53l-1.4,-3.09L528.8,203.9z'),(40,'ALMERIA',1020,1,'1021','M489.56,237.69L490.66,238.77L492.16,238.31L493.34,239.4L493.78,238.93L496.72,239.55L495.95,241.31L496.06,244.98L495.55,246.03L496.65,249.2L500.69,255.52L501.8,256.34L501.71,255.65L504.01,255.99L507.29,258.6L507.29,258.6L505.86,259.41L501.97,264.42L500.56,270.32L498.97,273.45L499.14,274.96L497.74,275.43L496.93,276.87L496.19,277.04L495.87,279.23L494.06,280.29L494.09,281.48L492.69,282.01L492.23,283.19L490.07,283.68L486.97,279.82L484.87,279.03L482.87,280.22L481.17,279.32L478.59,280.08L476.73,283.62L474.47,285.1L472.24,285.13L470.81,284.19L469.89,284.63L467.57,282.46L466,282.97L461.31,282.5L461.31,282.5L460.95,281.08L464.36,278.92L463.14,276.2L464.29,275.86L464.57,274.73L465.97,273.84L464.34,268.64L465.24,269.34L466.82,269.28L467.42,267L468.9,265.81L470,262.27L472.03,262.91L472.65,264.29L473.44,263.88L475.68,264.85L475.51,262.05L476.43,257.85L480.16,254.57L481.9,254.13L481.94,253.42L484.94,252.92L483.93,248.67L486.25,249.07L486.02,246.3L487.45,243.1L486.73,242.6L486.89,239.25z'),(41,'ASTURIAS',1020,1,'1021','M378.11,5.51l0.93,1.36h0.88l-0.31,0.63l1,1.19l1.28,0.74l0.57,-0.3l0.18,1.37l1.44,0.13l0.78,-0.75l3.85,0.6l2.61,-0.44l1.7,1.01l1.7,-0.22l2.57,2.62l2.84,-0.48l2.66,1.02l3.37,-0.08l8.36,2.6l4.34,0.33l0,0l-0.81,1.59l0.47,3.25l-0.74,0.4l-0.23,-0.81l-1.57,-0.52l-0.78,1.38l-3.04,0.43l-0.23,2.98l-3.15,0.24l0,0l-1,-2.05l-1.19,-0.3l-1.57,1.02l-1.01,1.65l-2.42,-0.35l-0.79,3.34l-1.41,-0.56l-2.22,1.32l-1.9,0.26l-2.67,-0.72l-0.65,1.89l-2.7,-0.23l-0.47,1.4l-2.34,-0.06l-3.78,-1.41l-1.07,0.58l-1.06,2.98l-1.26,0.36l-3.39,-1.26l-1.29,-1.08l-0.53,-1.94l-1.41,0.42l-1.89,-0.87l-0.46,1.89L369,32.43l-1.28,-1.12l-1.09,0.05l-0.4,1.58l-1.79,-1.15L363.18,32l-1,-1.18l-1.16,0.89l0.08,0.91l-0.51,-0.01l-0.43,1.23l-1.6,-0.18l0.13,1.01l1.21,0.15l0.02,1.02l-1.74,0.81l-6.17,-0.08l-0.97,0.2l-1.04,1.44l-2.07,-1.33l0,0l-0.54,-0.55l0.18,-1.24l-1.09,-1.3l-1.18,-0.05l-1.29,-1.3l-0.3,1.28l-1.07,-1.21l0.47,-0.92l0.53,0.28l-0.05,-1.12l0.86,-1.06l0.69,0.56l1.36,-0.74l1.53,-2.18l-1.24,-1.63l-0.72,1.07l-2.21,0.89l-0.72,-1.31l0.3,-1.57l-1.18,-0.78l-0.32,0.41l-1.27,-1.29l0.06,-2.57l-1.27,0.05l-0.9,-1.1l0.1,-1.78l-1.68,-0.82l0.28,-1.61l2.15,0.14l1.54,-2l0,0l0.63,-2.26l0.76,-0.08L341.6,9.9l1.71,-0.02l0.85,-0.73l4.14,0.87l1.13,-0.61l2.97,0.41l1.58,-0.67l0.89,0.9l1.88,0.33l1.98,-0.14l0.05,-0.9l1.24,0.76l2.29,0.07l3.07,-1.15l0.34,-0.8l1.81,1.43l1.07,-0.28l1.06,0.63l2.99,-1.38l0.73,0.66l1.03,-0.22l1.36,-1.11l0.07,-0.87l1.51,-0.3L378.11,5.51z'),(42,'BADAJOZ',1020,1,'1021','M413.46,177.64L414.02,178.66L412.88,182.49L411.21,182.76L412.83,187.14L414.65,188.92L409.7,187.55L407.73,191.51L409.23,192.95L409.01,193.59L407.71,194.15L405.03,193.1L406.39,197.1L409.06,197.94L408.55,200.04L406.49,199.83L405.61,201.13L404.19,205.62L402.44,206.04L402.44,206.04L400.79,206.88L398.22,206.41L398.73,207.9L398.2,208.77L397.5,208.44L397.29,209.19L394.88,210.74L394.38,211.98L392.47,211.74L392.13,213.4L391.39,213.31L391.02,214.51L389.17,215.6L389.01,216.43L387.93,216.44L386.45,217.6L385.94,218.89L386.71,220.17L386.22,221.65L387.74,224.2L387.89,226.41L387.34,226.7L387.34,228.18L385.94,229.35L385.94,229.35L384.44,229.1L382.08,231.31L381.33,231.11L381.15,229.55L382.56,228.62L382.22,227.88L382.88,228.36L382.56,227.22L381.54,226.79L377.75,227.78L375.45,230.41L375.99,232.02L374.62,234.64L369.66,235.17L367.66,236.74L367.66,236.74L367.02,235.93L363.88,235.3L362.37,234.17L361.92,232.56L360.49,232.19L359.31,232.29L358.91,234.03L355.32,233.65L355.38,232.41L354.09,230.69L349.93,230.86L349.57,230.11L348.16,229.8L348.8,227.53L347.16,227.58L344.6,226.37L344.6,226.37L344.45,225.89L342.18,226.51L341.81,227.26L340.47,227.22L339.89,227.89L337.88,223.74L333.92,218.14L332.2,217.51L333.34,216.19L333.28,215.67L332.64,215.85L332.85,214.46L335.03,210.15L334.14,209.59L334.54,206.23L341.3,200.73L340.9,199.07L344,194.48L343.09,191.95L341.64,190.86L339.27,191.5L338.08,191.13L338.37,188.67L335.09,187.21L335.38,184.42L335.38,184.42L336.25,184.94L337.84,182.74L337.05,182.37L337.55,181.18L338.86,180.28L340.58,180.73L340.08,181.55L339.35,181.4L340.01,183.06L341.15,182.52L342.22,180.09L340.45,179.07L340.99,178.18L346.09,180.31L348.58,180.05L348.73,181.82L350.28,182.73L349.82,184.54L348.62,185.98L349.64,187.99L352.3,188.43L352.95,187.57L353.76,187.66L355.39,188.33L355.57,189.17L356.66,189.3L356.61,188.25L361.56,189L363.15,188.06L364.13,191.55L366.11,191.87L366.96,193.19L368.47,193.3L368.83,194.17L372.62,190.33L372.89,193.34L374.98,191.13L375.5,192.14L378.29,191.07L379.01,189.72L380.71,190.2L382.7,192.14L385.35,191.45L385.97,190.76L385.44,190.12L386.19,189.47L385.06,188L386.98,186.91L387.67,187.87L388.09,187.15L389.77,189.17L391.18,189.24L393.23,185.99L393.45,182.27L396.28,183.51L400.09,182.14L400.39,180.14L401.1,180L402.23,181.12L404.36,180.75L404.65,179.88L405.34,179.83L405.34,179.83L405.7,179.83L405.7,179.83L407.84,180.89L411.39,179.01L411.39,179.01z'),(43,'BURGOS',1020,1,'1021','M470.45,41.99l0.11,0.32l0,0l2.92,-0.42l2.7,1.24l1.27,-0.25l0.4,0.85l0.95,-0.52l-1.55,2.78l0.96,1.15l1.71,-0.66l0.14,1.57l-3.6,-0.06l-0.75,-1.02l-3.34,0.27l-0.51,-1.37l-2.58,-1.7l1.01,-2.35l0,0L470.45,41.99zM452.43,27.73l5.04,-2.73l0.9,1.19l2.05,-0.32l0.49,0.68l0,0l-1.24,1.7l1.47,0.99l-0.74,0.97l0.55,0.29l-0.05,1.56l-1.1,0.33l3.61,0.77l0.6,1.42l1.82,1.28l-1.15,1.26l-2.17,0.4l-1.84,-0.76l0.15,-0.72l-2.45,-0.63l-1.78,3.1l2.37,2.01l-0.51,-0.47l0.97,-1.29l0.92,0.55l1.41,-1.37l0.06,1.18l-1.41,2.35l1.1,0.64l-0.76,1.36l3.02,-0.37l0.27,1.13l0.75,-0.08l1.1,1.53l1.54,-0.18l0.86,0.61l0.2,1.6l1.17,0.7l0,0l-1.78,0.78l-0.93,-0.82l-4.22,-0.06l0.75,2.14l-2.28,1.96l1.92,0.6l-0.7,1.64l1.49,1.78l-0.53,0.84l0.17,2.27l-0.63,-1.89l-0.71,-0.04l-0.09,1.3l0.6,0l0.65,1.21l-1.4,0.17l0.63,4.39l-1.25,1.91l2.92,4.68l3.17,-0.03l0.54,2.63l0,0l0,0l0,0l-1.13,1.19l-0.62,2.66l-1.14,0.29l-0.27,1.45l-2.47,0.24l-1.2,2.84l-1.08,0.78l-0.71,-1.47l-2.74,-2.25l0.26,4.72l-2.38,1.26l-0.17,1.82l-1.07,0.12l-2.02,4.13l-2.15,-0.94l-0.65,0.66l0.27,0.78l0,0l-3.99,0.7l-1.74,1.75l-0.34,2.73l-0.93,-0.38l0.06,-3.22l-1.1,0.5l0.49,1.67l-1.11,0.19l-2.17,-2.9l-2.64,-1.27l0,0l-0.77,-1.47l-0.9,-0.05l0.28,-2.94l-1.54,-1.38l1.09,-1.73l0,0l0.09,-0.88l-1.6,-1.68l0.04,-1.63l1.57,-0.09l1.75,-1.14l-0.02,-1.24l1.37,-1.08l1.36,-0.02l0.03,-1.61l-4.34,1.75l0.56,-1.83l1.34,-1.42l-0.35,-0.75l-1.74,-0.08l-1.25,0.68l-0.71,-2.07l0.78,0.18l0.65,-0.75l-1.99,-1.13l-0.65,0.36l-1.94,-0.62l0.52,-1.72l-1.31,-1.32l-1.27,-7.33l-1.5,0.24l-0.41,-1.66l0.55,-1.62l2.29,0.11l-0.14,-1.59l-1.2,-0.72l0.26,-1.36l-0.79,-0.44l-0.06,-0.64l1.06,-0.44l-0.67,-1.02l0.88,-0.5l-0.9,-3.03l0.81,-0.6l0.3,0.72l3.4,-2.66l1.12,0.76l0.87,-1.15l0,0l1.09,-0.21l0,0l1.42,-0.1l0,0l0.64,0.45l2.09,-0.43l0.51,-1.51l0.95,0.75l1.45,-1l-0.64,-2.84l-0.83,-0.46l-0.5,1.6l-1.08,-0.4l0.55,-0.81l-0.82,-0.37l0.96,0.08l-0.46,-1.13l1.2,0.65l1.08,-0.79l-0.18,-0.91l-1.47,-0.37l-0.12,0.97l-1.3,1.08l0.12,-0.63L435.4,37l-0.55,-0.8l1.39,-3.13l1.11,-0.43l0.57,-1.08l1.28,0.03l0.53,-0.95l-0.47,-0.86l2.76,-0.03l0.03,-0.59l1.57,-0.72l1.65,-2.71l1.18,0.48l0.27,0.83L452.43,27.73zM432.55,68.05l0.11,1.32l-1.47,-0.48l-0.05,-0.63L432.55,68.05zM470.56,42.31l2.92,-0.42l2.7,1.24l1.27,-0.25l0.4,0.85l0.95,-0.52l-1.55,2.78l0.96,1.15l1.71,-0.66l0.14,1.57l-3.6,-0.06l-0.75,-1.02l-3.34,0.27l-0.51,-1.37l-2.58,-1.7l1.01,-2.35l0,0L470.56,42.31z'),(44,'CACERES',1020,1,'1021','M346.65,144.98L347.59,145.9L350.01,146.25L351.15,145.03L352.02,146.1L352.58,145.27L355.18,144.97L356.13,144.17L356,142.64L356.74,141.91L359.74,140.88L360.34,139.82L361.66,139.78L362.62,138.07L366.1,136.31L368.35,137.5L368.68,138.34L369.63,138.12L369.22,138.96L371.2,139.93L369.95,141.52L372.7,142.19L372.69,143.14L374.16,144.22L375.74,144.7L376.75,142.73L379.41,141.67L379.54,144.33L381.25,144.04L381.25,144.04L382.63,144.12L383.96,145.82L384.79,145.97L385.16,147.19L387.59,148.02L389.43,147.49L390.69,145.71L393.35,145.24L392.54,147.07L392.59,149.24L393.57,151.17L393.57,151.17L392.56,151.8L392.68,156.44L391.42,160.67L393.86,160.1L395.16,161.22L394.29,162.8L394.4,165.34L396.08,165.65L397.56,163.86L398.76,163.77L399.02,165.37L398.55,165.72L399.65,167.15L398.92,170L397.54,171.82L405.34,179.83L405.34,179.83L404.65,179.88L404.36,180.75L402.23,181.12L401.1,180L400.39,180.14L400.09,182.14L396.28,183.51L393.45,182.27L393.23,185.99L391.18,189.24L389.77,189.17L388.09,187.15L387.67,187.87L386.98,186.91L385.06,188L386.19,189.47L385.44,190.12L385.97,190.76L385.35,191.45L382.7,192.14L380.71,190.2L379.01,189.72L378.29,191.07L375.5,192.14L374.98,191.13L372.89,193.34L372.62,190.33L368.83,194.17L368.47,193.3L366.96,193.19L366.11,191.87L364.13,191.55L363.15,188.06L361.56,189L356.61,188.25L356.66,189.3L355.57,189.17L355.39,188.33L353.76,187.66L352.95,187.57L352.3,188.43L349.64,187.99L348.62,185.98L349.82,184.54L350.28,182.73L348.73,181.82L348.58,180.05L346.09,180.31L340.99,178.18L340.45,179.07L342.22,180.09L341.15,182.52L340.01,183.06L339.35,181.4L340.08,181.55L340.58,180.73L338.86,180.28L337.55,181.18L337.05,182.37L337.84,182.74L336.25,184.94L335.38,184.42L335.38,184.42L332.98,181.97L332.6,180.35L333.43,177.31L330.79,176.02L330.52,174.5L329.3,174.31L327.18,172.12L325.88,169.18L332.26,170.09L334.79,169.06L337.86,169.61L342.03,168.92L343.22,164.87L342.9,163.37L345.46,160.95L345.37,158.84L346.68,155.32L344.32,151.31L342.11,150.76L341.58,148.35L342.56,146.39z'),(45,'CADIZ',1020,1,'1021','M363.04,276.84l1.62,-0.46l0.75,0.65l3.02,0.33l1.57,1.07l6.55,0.57l0.45,-2.01l0.95,-0.78l3.94,-0.16l1.51,-2.16l1.52,1.36l0.93,-0.24l0.16,1.23l1.51,0.82l-0.37,-1.41l2.33,-2.05l-1.27,-1.9l0.43,-0.23l2.11,-0.21l0.21,1.3l-1.19,1.27l0.65,1.63l4.2,-3.9l2.06,3.68l2.84,-2.4l0,0l1.44,1.36l-0.45,0.34l0.72,2.07l-1.45,2.54l-1.11,0.57l-3.05,-2.32l-0.98,0.56l-1.2,1.92l1.53,1.69l-1.03,1.95l0.02,1.93l-1.69,1.55l-2.36,0.5l-0.15,1.17l-1.88,2.17l-2.24,-0.73l-0.51,0.35l0.11,1.12l2.58,0.55l0.96,-1.46l1.86,0.07l2.61,4.39l0.83,3.55l1.3,-0.45l0.78,0.99l0,0l-2.1,3.34l-0.56,2.58l-1.48,-0.98l-1.58,0.58l0.24,3.59l-5.33,2.29l-2.58,-2.22l-0.68,0.4l-2.04,-1.15l-0.67,0.38l-3.37,-3.94l-3.85,0.08l-1.6,-3.41l-1.74,-0.99l-5.06,-8.94l1.13,-0.18l1.33,2.82l1.65,-2.26l-2.06,0.6l-0.43,-0.86l0.82,0.11l-0.03,-2.32l-1.06,0.32l-1,-1.43l-2.74,-0.44l-1.56,-3.36l-0.13,-0.86l2.85,-2.19l0,0l-0.13,-2.23L363.04,276.84z'),(46,'CANTABRIA',1020,0,'1021','M456.11,24.66l-0.21,-2.18l1.69,-0.04l-0.6,1.07l0,0l0.12,1.17l0,0L456.11,24.66zM447.28,11.69l0.01,0.56l1.39,-0.07l-0.21,0.83l0.82,-0.57l0.28,0.98l2.57,0.64l-0.31,0.94l-0.78,-0.14l-0.33,-0.09l-0.44,-0.26l0.78,2.4l0.54,-1.3l0.69,0.51l3.05,-0.43l0.11,1.27l0.41,-0.85l2.57,0.56l0.33,0.92l1.81,0.91l0,0l-0.12,2.18l-1.6,0.75l-0.48,-1.07l-1.66,0.79l-1.63,-0.5l-0.24,1l-3.33,1.76l0.95,4.31l0,0l-5.7,-0.68l-0.27,-0.83l-1.18,-0.48l-1.65,2.71l-1.57,0.72l-0.03,0.59l-2.76,0.03l0.47,0.86l-0.53,0.95l-1.28,-0.03l-0.57,1.08l-1.11,0.43l-1.39,3.13L435.4,37l1.33,-0.12l-0.12,0.63l1.3,-1.08l0.12,-0.97l1.47,0.38l0.18,0.91l-1.07,0.79l-1.2,-0.64l0.46,1.13l-0.96,-0.08l0.83,0.37l-0.55,0.81l1.08,0.4l0.51,-1.6l0.83,0.46l0.64,2.85l-1.45,1l-0.95,-0.75l-0.51,1.51l-2.08,0.43l-0.64,-0.45l0,0l-0.12,-2.6l-1.3,2.7l0,0l-1.09,0.21l0,0l-0.53,-1.24l-1.58,0.08l-1.01,-0.88l1.66,-1.5l-0.48,-0.93l-1.69,1l-0.6,-0.24l-0.6,-4.33l-3.34,-0.74l-1.56,-2.62l-1.52,-0.99l-0.86,0.83l-1.39,-0.36l-1.15,1.17l-1.46,-0.68l-0.98,0.8l-3.03,-0.18l0,0l-0.21,-1.48l-0.68,0.04l-0.01,-0.79l-2.61,-2.15l0.32,-2.3l0,0l3.15,-0.23l0.23,-2.98l3.04,-0.43l0.78,-1.38l1.57,0.52l0.23,0.82l0.74,-0.4l-0.47,-3.25l0.81,-1.59l0,0l4.02,0.13l1.04,-0.69l0.62,0.68l3.26,-0.14l5.34,-2.19l0.32,0.49l0.44,-0.62l1.15,0.12l0.02,0.67l1.19,-1.73l4.95,-0.88l-0.11,0.66l0.76,0.36l-1.76,0.81l-0.28,0.66l0.77,0.16l-0.75,0.77l0.45,0.37l1.05,-0.82l-0.33,-0.46l0.6,-0.69l1.05,0.73l-0.31,-1.03l0.73,-0.73l3.34,-0.94L447.28,11.69zM431.85,40.89l-0.38,1.02l-0.18,-1.41L431.85,40.89z'),(47,'CASTELLON',1020,0,'1021','M532.83,160.54l-1.31,-1.75l0.08,-2.06l1.84,-0.87l0.74,-1.93l2.17,0.1l2.13,-1.03l-0.46,-1.28l1.54,-1.44l1.05,-4.55l1.52,0.92l2.04,-0.6l1.36,-0.84l-0.2,-1.63l0.73,0.02l0.79,-1.4l1.79,-1.01l-1.99,-3.16l2.29,-1.19l-0.89,-1.7l0.26,-3.83l-2.37,-0.1l-0.23,-2.17l1.51,-0.52l0.67,0.84l2.18,-1.27l0.37,-2.54l0.82,-1.22l0.99,-0.17l3.08,2.47l2.47,-0.04l0.81,1.51l0.94,-0.94l3.01,-0.75l0,0l1.7,-0.01l0.3,1.25l1.72,0.55l-0.72,1.17l0.32,1.19l0,0l3.78,1.11l0,0l1.29,0.97l-0.18,1.25l2.37,0.97l0,0l-3.55,6.64l-3.45,4.19l-0.7,1.81l-2.22,1.46l-1.36,3.59l-3,1.86l-1.7,4.81l-2.51,2.36l-3.09,5.3l0,0l-2.21,-0.87l-2.06,-2.28l-1.52,0.06l-0.51,1.58l-1.89,1.81l-2.28,-3.23l-1.43,0.91l-0.34,1.25l-1.31,-0.18l-0.65,-0.31l-0.12,-3.26l-1.07,-0.66l-1.21,1.49L532.83,160.54z'),(48,'CEUTA',1020,0,'1021','M307.58,403.44L306.37,404.14L304.7,406.67L303.69,406.52L302.89,405.33L301.84,406.23L300.93,406.12L299.28,403.98L295.55,402.49L294.01,396.97L294.09,393.34L292.44,390.53L293.45,389.1L297.99,388.31L300.99,391.04L303.27,392.09L304,394.5L307.18,397.64L308.08,397.79L308.08,397.07L310.73,394.91L311.36,395.82L310.91,396.65L313.32,399.43L314.7,399.83L317.21,398.23L318.28,398.42L318.83,395.32L321.66,393.52L322.1,392.41L323.99,395.01L325.44,395.08L325.23,397.67L324.39,397.58L322.91,399.44L321.02,400.17L320.1,399.88L316.67,401.88L312.63,400.66L309.92,404.08z'),(49,'CIUDAD REAL',1020,0,'1021','M405.7,179.83l1,-3.9l1.38,-2.47l3.43,2.17l-0.12,3.39l0,0l-3.55,1.88L405.7,179.83zM413.46,177.64l2.13,-0.16l-0.01,-1.2l1.55,-0.5l0.21,-1.44l0.56,-0.41l0.36,0.49l0.18,-1.18l1.33,0.9l-0.89,0.66l1.52,1.73l0.55,-1.76l2.04,1.08l4.15,0.72l1.5,-0.69l1.06,-3.22l1.05,0.52l2.54,-0.47l0.36,2.12l-0.91,0.01l-0.26,2.57l-1.53,0.01l-0.92,3.72l0.85,0.01l0.49,0.85l0.95,-0.96l3.1,0.52l0.21,2.13l3.32,1.57l1.98,-1.33l2.16,0.89l1.3,-1.13l4.53,-0.23l1.71,-1.54l0.2,-1.15l1.85,-1.28l3.1,0.22l-0.2,-1.37l0.66,-1.47l3.35,-0.13l0.02,-0.55l1.26,-0.3l2.27,1.79l1.44,-0.27l0.71,0.61l1.31,-0.22l0.78,-0.96l0,0l1.88,3.18l-0.7,1.28l1.46,0.37l1.61,-1.91l0.52,0.12l1.04,3.03l0,0l0.59,2.11l-3.67,5.14l1.16,2.19l-0.15,2.17l-0.68,0.02l-1.55,3.33l3.71,2.28l0.91,3.86l1.07,-0.06l1.83,1.91l-0.95,3.34l-1.83,1.29l-1.08,-0.46l0.52,3.17l-0.47,0.55l0,0l-3.66,3.13l-0.74,-0.67l-1.77,-0.06l-0.92,0.83l-0.28,1.63l-1.92,-2.73l-2,1.54l-4.6,-0.84l-1.43,-0.85l-1.49,0.27l-0.05,1.39l-2.35,1.54l-2.31,-0.33l-0.43,-1.45l-1.25,-0.22l-0.47,2.07l-5.75,-1.04l-1.36,0.49l-0.74,1.47l-1.79,0.24l-7.47,-0.48l-3.05,-0.8l-0.64,0.43l0.24,1.7l0,0l-5.65,-2.09l-1.85,-2.46l-1.61,-1.04l-0.86,0.17l-0.88,-1.45l-2.48,-1.14l-0.13,-0.76l-4.69,-1.64l-0.52,-2.82l-3.92,-0.35l-0.1,-0.79l-1.19,-0.54l0,0l1.75,-0.42l1.43,-4.49l0.88,-1.3l2.06,0.21l0.51,-2.1l-2.67,-0.84l-1.36,-4l2.68,1.05l1.3,-0.56l0.21,-0.64l-1.49,-1.44l1.97,-3.96l4.95,1.36l-1.82,-1.77l-1.62,-4.38l1.67,-0.27l1.14,-3.83L413.46,177.64z'),(50,'CORDOBA',1020,1,'1021','M402.85,248.31l0.47,1.93l-2.02,-2.16L402.85,248.31zM402.44,206.04l1.19,0.54l0.11,0.79l3.92,0.35l0.52,2.82l4.69,1.64l0.13,0.76l2.48,1.14l0.88,1.45l0.86,-0.17l1.61,1.04l1.85,2.47l5.65,2.09l0,0l0.96,0.22l-0.04,1.02l0.88,0.55l-0.19,2.13l0.63,0.36l1.06,3.61l-1.74,1.33l0.12,0.83l-1.16,1.05l0.36,0.61l-0.87,0.26l0.28,0.68l-0.68,-0.02l0.72,3.41l-0.85,5.35l2.46,0.69l-0.98,2.28l1.69,0.49l0.59,0.99l-1.95,1.62l0.21,0.66l1.45,0.48l2.33,3.8l1.18,0.23l-0.85,0.75l1.2,0.69l1.45,2.54l0,0l-2.61,-0.06l-2.21,2.37l-1.41,-0.41l-0.99,0.66l-0.58,4.08l-2.22,1.74l0,0l0.15,-0.77l-1.53,-0.43l-0.33,-2.36l-1.86,-0.02l-1.28,1l-0.18,0.94l-1.46,0.62l-1.93,0.08l-0.35,-1.76l-1.22,-0.03l0,0l-1.03,-3.28l-1,-0.65l-0.32,0.88l-1.6,0.26l-1.23,-1.14l0.22,-0.75l-1.07,-1.26l0.3,-0.93l-1.37,-0.12l-0.65,-2.38l-1.32,-0.85l0.53,-3.68l-1.3,0.67l0.62,-2.03l-1.41,-2.09l-1.47,-0.45l-0.76,0.41l-0.58,1.07l0.64,0.74l-0.84,-0.37l-0.32,-1.16l-0.66,0.06l0.67,1.4l-1.29,0.06l-0.82,-0.76l-5.57,3.66l-1.72,-2.33l0.63,-0.41l-0.56,-1.03l0.73,-0.55l0.4,0.77l1.12,-1.1l0.35,0.57l0.6,-0.29l-0.07,-2.9l-1.22,-0.77l0.16,-1.77l-2.15,-1.15l-0.02,-2.86l-2.38,-2.02l-0.07,-1.81l-2.74,-3.47l0,0l1.41,-1.16l0,-1.48l0.55,-0.29l-0.15,-2.21l-1.52,-2.55l0.49,-1.48l-0.76,-1.27l0.5,-1.29l1.49,-1.16l1.08,-0.01l0.15,-0.83l1.86,-1.09l0.36,-1.2l0.74,0.09l0.34,-1.66l1.91,0.24l0.5,-1.24l2.41,-1.54l0.21,-0.76l0.71,0.33l0.53,-0.87l-0.51,-1.49l2.57,0.47L402.44,206.04z'),(51,'CUENCA',1020,1,'1021','M463.17,149.51L463.29,149.08L464.74,149.71L465.06,147.47L467.92,149.52L469.13,148.86L469.45,147.8L470.73,147.6L471.31,145.24L470.87,141.24L471.97,138.02L473.75,139.91L473.92,138.99L474.74,139.99L475.05,139.68L474.33,138.89L475.2,137.86L475.58,138.34L477.97,137.78L480.12,138.82L480.45,137.84L479.23,136.79L479.76,133.99L480.72,135.42L482.86,134.14L483.3,134.74L484.28,134.02L483.16,132.53L483.28,131.67L484.5,131.46L485.4,132.98L486.8,132.84L487.51,129.95L489.38,130.98L490.71,130.55L491.12,129.39L491.83,129.5L496.38,132.34L497.01,131.29L498.19,131.99L500.34,138.63L501.88,139.86L501.88,139.86L505.21,142.95L504.25,143.67L504.55,144.72L505.44,143.41L510.04,148.17L510.94,147.66L512.06,148.4L513.15,147.93L512.85,149.99L512.85,149.99L512.62,150.57L514.11,151.75L513.73,152.06L515.06,155.14L519.01,155.99L521.55,155.39L521.55,155.39L522.25,156.92L522.25,156.92L520.23,158.04L520.49,161.4L520.02,163.42L518.17,166.27L518.58,167.78L518.04,168.62L517.02,168.91L515.31,168.15L513.8,169.53L512.44,172.64L511.15,173.14L510.64,178.39L511.39,178.49L511.12,178.92L511.12,178.92L503.94,182.75L503,184.35L499.4,183.4L496.25,183.83L495.05,182.08L495.31,181.54L492.98,181.26L494.37,184.9L490.77,184.33L487.08,186.48L486.08,184.23L485.19,184.45L484.46,186.24L480.26,181.92L479.03,182.66L476.94,182L473.16,182.87L473.16,182.87L472.12,179.84L471.6,179.72L469.99,181.64L468.53,181.26L469.24,179.98L467.36,176.8L467.36,176.8L468.07,170.03L465.32,166.99L462.91,161.55L461.35,160.79L462.27,158.45L462.29,156.32L460.88,156.4L460.3,153.2L460.3,153.2L461.63,153.33L463.39,152.19L463.52,151.28L462.28,150.11L462.54,149.29z'),(52,'GIRONA',1020,0,'1021','M619.59,69.79l-0.68,0.58l-0.15,-0.75L619.59,69.79zM618.36,56.32l-1.01,-0.44l0.63,-1.52l1.15,1.7L618.36,56.32zM611.35,54.61l1.92,0.08l2.07,1.6l1.41,-0.27l0.85,2.98l1.56,1.46l2.11,-0.61l1.37,-2.14l2.4,-0.14l1.52,-0.89l5.43,1.88l1.53,2.21l1.32,0.27l1.38,-1.04l3.08,0.74l-0.6,-1.92l0.59,0.01l0.02,-0.7l1.9,-0.87l2.01,0.27l1.25,-1.7l2.41,0.13l0.88,-1.09l0.63,0.7l2.03,-0.38l1.6,2.03l2.71,-0.4l-0.33,3.11l4.82,1.61l-0.92,0.62l-0.26,2.17l-0.86,0.06l0.33,0.64l-1.11,-0.58l-0.32,0.79l-1.69,-1.35l-1.56,2.23l0.37,3.43l1.62,0.68l1.1,1.75l-0.58,1.85l0.51,2.13l0.73,0.42l-0.95,2.89l-2.22,2.08l-0.91,-0.12l-1.36,2.37l-2.42,1.18l-1.31,1.76l-3.18,0.85l-1.66,1.77l0,0l-0.59,-1.17l0.58,-2.31l-3.66,-0.5l-3.38,1.17l-0.97,-1.76l-2.42,-1.66l-2.62,-0.29l-0.72,-3.01l1.28,-0.1l0.4,0.57l0.75,-0.99l1.11,0.32l1.16,-1.15l-1.6,-2.17l1.39,-0.02l0.42,-0.63l-0.59,-0.38l0.93,-0.32l-0.26,-2.71l-1.1,-0.44l-1.15,0.54l-0.52,-1.54l-1.05,-0.79l-2.18,0.77l0.14,-1.3l-0.91,-0.45l-1.68,0.13l-0.43,0.73l-1.73,-0.29l-0.58,0.75l-1.03,-1.29l-0.96,0.36l-1.75,-0.57l-1.19,-2.04l1.29,0.21l-0.08,1.32l1.71,-0.65l-0.22,-1.72l-0.71,0.15l-0.41,-0.69l1.63,-2.43l-5.12,-1.31l-1.86,0.7l0,0l-0.23,-2.03l0.61,-0.58l-0.77,-0.49l-0.73,0.47l-0.14,-2.27l-2.14,-0.64l-0.03,-2.16l0,0L611.35,54.61z'),(53,'GRANADA',1020,0,'1021','M479.02,231.19L482.94,233.15L485.45,233.45L485.45,233.45L489.56,237.69L489.56,237.69L486.89,239.25L486.73,242.6L487.45,243.1L486.02,246.3L486.25,249.07L483.93,248.67L484.94,252.92L481.94,253.42L481.9,254.13L480.16,254.57L476.43,257.85L475.51,262.05L475.68,264.85L473.44,263.88L472.65,264.29L472.03,262.91L470,262.27L468.9,265.81L467.42,267L466.82,269.28L465.24,269.34L464.34,268.64L465.97,273.84L464.57,274.73L464.29,275.86L463.14,276.2L464.36,278.92L460.95,281.08L461.31,282.5L461.31,282.5L454.88,282.96L452.36,284.67L450.46,284.55L449.45,283.52L448.25,283.87L446.76,282.75L445.06,282.67L442.9,283.71L441.4,283.02L441.4,283.02L441.68,280.54L439.87,278.5L438.63,278.68L436.73,277.45L433.11,276.66L431.5,274.78L429.45,274.62L427.47,272.33L426.2,272.4L425.76,268.4L424.51,265.91L424.51,265.91L426.73,264.18L427.31,260.1L428.31,259.44L429.71,259.85L431.93,257.49L434.54,257.55L434.54,257.55L436.07,258.46L439.44,258.16L441.15,254.13L441.43,254.69L446.01,252.68L449.71,249.26L453,251.31L456.14,250.39L457.2,248.41L458.63,248.22L459.97,248.27L462.44,250.06L463.67,249.22L465.92,249.82L465.93,248.62L468.81,246.79L468.27,246.48L468.2,244.09L468.93,243.75L471.85,237.67L473.76,235.91L474.63,235.45L475.36,235.96L477.35,234.55L477.33,232.06z'),(54,'GUADALAJARA',1020,0,'1021','M454.03,130.17l-0.17,0.58l0,0l-0.34,-0.19l0,0L454.03,130.17zM458.89,103.25l4.46,1.25l3.43,-0.78l1.33,-1.42l1.16,0.43l0.06,1.73l1.37,0.73l1.43,0.27l0.45,-0.97l1.36,-0.07l0.22,0.96l1.95,0.48l0.52,1.02l1.22,-0.38l-0.11,0.96l-0.89,0.53l1.35,0.35l-0.55,1.13l0.63,0.49l1.2,-0.94l0.85,1.77l0.87,0.21l0.34,1.44l1.55,0.83l1.95,-1.17l0.98,1.21l1.84,-0.45l0.96,-1.19l1.74,0.54l1.33,-1.39l2.31,1.96l0.15,-3.13l0,0l2.84,-1.04l0.82,1.38l3.99,2l5.68,5.89l0,0l-0.09,2.6l2.39,2.76l0.07,2.04l-0.68,0.85l0.81,2.13l-0.9,2.91l0.59,0.79l-1.63,1.33l-2.43,-1.16l-0.73,2.12l0.29,2.07l-1.72,0.96l-1.77,2.6l0,0l-1.54,-1.23l-2.15,-6.65l-1.17,-0.69l-0.63,1.04l-4.55,-2.84l-0.71,-0.11l-0.41,1.16l-1.33,0.43l-1.86,-1.03l-0.71,2.9l-1.4,0.14l-0.89,-1.52l-1.22,0.2l-0.12,0.87l1.12,1.49l-0.98,0.72l-0.44,-0.6l-2.14,1.28l-0.96,-1.43l-0.53,2.8l1.23,1.04l-0.33,0.98l-2.15,-1.04l-2.39,0.56l-0.38,-0.48l-0.86,1.02l0.71,0.8l-0.3,0.3l-0.82,-0.99l-0.17,0.91l-1.78,-1.89l-1.1,3.23l0.44,4l-0.58,2.36l-1.28,0.2l-0.33,1.06l-1.21,0.66l-2.85,-2.05l-0.32,2.24l-1.45,-0.63l-0.12,0.43l0,0l-1.28,-5.11l-1.95,2.05l-0.69,-0.55l2,-6.31l-0.78,-1.37l-1.31,-0.12l-0.06,-2.91l-1.51,-1.17l-1.45,0.26l0.42,-1.37l-1.44,-1.04l-0.22,-1.13l0.62,-1.16l-0.66,0.71l-1.67,-2.26l-0.36,0.91l-1.92,-0.79l1.02,-1.65l-0.52,-0.29l0.23,-0.92l-0.69,-0.95l-1.37,-0.18l1.05,-1.52l0.1,-1.54l0.99,-0.47l-0.59,-1.3l0.48,0.01l0.81,-3.21l0.72,-0.51l-1.34,-1.72l0.38,-1.65l-1.91,-0.43l-1.59,-2.88l0,0l2.24,-0.74l0.7,-1.3l1.28,0.07l-0.22,-1.91l2.25,0.31l2,-0.9l0.5,0.71L458.89,103.25z'),(55,'HUELVA',1020,0,'1021','M343.05,264.73l1.03,1.97l-2.63,-1.61l-7.39,0.12l-3.03,1.17l-0.92,-0.21l-0.92,-2.78l0.37,-0.91l-0.63,-1.44l0.05,-3.06l-0.68,-0.69l0.53,-0.4l-0.56,-2.61l-1.81,-2.64l0.58,-1.89l1.85,-2.31l0.68,-3.64l2.98,-2.2l1.25,-2.05l1.08,-3.32l-0.43,-0.98l1.85,-0.91l0.89,0.41l1.62,-0.46l-0.23,-0.96l0.91,-0.56l1.59,1.15l1.37,-0.31l0.44,-3.09l1.09,-1.97l-0.52,-0.53l1.15,-1.63l0,0l2.55,1.21l1.64,-0.05l-0.64,2.27l1.41,0.32l0.35,0.75l4.17,-0.17l1.29,1.72l-0.05,1.24l3.59,0.38l0.4,-1.74l1.18,-0.1l1.43,0.37l0.45,1.61l1.51,1.13l3.13,0.63l0.65,0.81l0,0l0.34,1.23l0.75,-0.42l0.61,0.6l-1.2,1.63l1.29,1.77l-0.37,1.13l-1.65,-0.85l-0.85,0.72l-0.2,1.99l-0.93,-0.12l0.01,-0.78l-1.81,-0.07l-4.27,1.78l-0.72,-0.25l-0.88,2.26l-1.04,0.61l0.25,1.36l4.08,0.19l0.08,2.2l2.63,4.58l-0.18,0.63l-1.34,0.25l-0.18,1.4l0.49,0.39l-1.18,1.09l1.58,1.48l-0.82,2.34l0.73,2.63l-0.72,1.2l0.53,0.59l-1.35,1.86l0.99,3.38l-0.76,1.97l1.47,1.37l0,0l-0.68,1.67l0.13,2.23l0,0l-1.48,-0.5l-1.54,-3.66l-2.23,-2.72l-10.89,-6.58l-2.4,-2.68L343.05,264.73z'),(56,'HUESCA',1020,1,'1021','M529.66,44.04L529.67,43.3L530.51,43.37L531.3,42.24L531.02,39.7L532.19,38.77L532.17,37.46L533.27,36.58L534.98,36.68L534.98,36.68L534.97,37.8L536.85,38.47L538.84,40.35L538.88,41.55L539.84,41.37L539.87,42.43L541.05,42.01L541.8,40.52L543.65,41.82L545.26,41.65L547.7,39.68L551.49,42.19L552.4,41.74L554.05,44.95L555.2,45.04L555.42,46.04L556.86,46.45L562.72,44.3L565.27,45.14L566.36,46.93L568.37,44.83L570.26,46.23L575.02,46.08L575.63,45.59L577.56,46.2L577.56,46.2L579.04,49.1L580.86,49.51L580.31,52.68L579.45,53.08L580,53.91L578.5,54.64L580.2,58.9L579.5,59.69L580.98,60.31L580.03,60.88L580.77,61.48L578.87,66.95L579.22,68.05L577.31,73.7L577.48,74.71L574.55,77.32L575.95,78.1L575.5,79.53L575.94,80.03L575.11,80.91L574.41,80.77L573.95,82.16L572.14,82.93L571.72,84.4L569.54,84.72L569.44,85.78L569.11,85.44L567.38,87.87L568.29,89.89L568.04,91.21L570.46,91.09L571.02,93.54L569.52,95.62L567.8,95.92L568.21,97.24L567.59,99.01L567.59,99.01L564.83,98.18L564.03,99.2L562.86,99.57L562.36,99.07L560.17,101.38L557.61,100.96L556.57,99.47L557.06,101.47L555.79,100.96L555.08,100.28L554.09,95.86L552.5,93.83L552.51,91.59L550.99,91.09L549.76,92.26L547.72,90.2L546.19,89.64L545.82,87.58L542.29,85.79L541.37,85.89L541.94,84.58L541.45,81.49L540.27,80.07L538.79,79.6L539.05,78.93L537.97,78.38L537.12,76.53L533.43,76.53L530.15,74.63L532.61,70.81L532.92,72.51L533.9,71.98L534.37,68.36L534.01,63.91L534.94,62.5L534.71,59.52L533.44,58.63L533.61,60.53L532.36,63.88L530.4,63.17L530.02,64.86L529.14,64.25L531.4,58.92L532.29,58.48L529.52,56.76L530.37,55.72L529.91,53.72L528.66,53.88L529.79,52.47L529.71,51.64L529.12,51.83L528.64,51.11L529.54,49.94L528.84,47.64L529.9,47.39L530.3,46.31L529,45.79z'),(57,'JAEN',1020,0,'1021','M472.55,213.72L475.29,215.13L477.75,214.58L478.55,215.37L478.4,218.36L481.1,218.99L481.05,222.79L482.54,223.88L482.24,227.27L479.02,231.19L479.02,231.19L477.33,232.06L477.35,234.55L475.36,235.96L474.63,235.45L473.76,235.91L471.85,237.67L468.93,243.75L468.2,244.09L468.27,246.48L468.81,246.79L465.93,248.62L465.92,249.82L463.67,249.22L462.44,250.06L459.97,248.27L458.63,248.22L457.2,248.41L456.14,250.39L453,251.31L449.71,249.26L446.01,252.68L441.43,254.69L441.15,254.13L439.44,258.16L436.07,258.46L434.54,257.55L434.54,257.55L433.09,255.01L431.89,254.32L432.73,253.57L431.56,253.34L429.23,249.54L427.78,249.06L427.57,248.4L429.52,246.78L428.94,245.8L427.25,245.3L428.23,243.03L425.77,242.34L426.62,236.99L425.9,233.57L426.59,233.6L426.31,232.92L427.18,232.66L426.82,232.05L427.99,231L427.87,230.17L429.61,228.84L428.55,225.23L427.92,224.88L428.12,222.74L427.24,222.2L427.28,221.18L426.32,220.96L426.32,220.96L426.08,219.26L426.72,218.83L429.78,219.63L437.25,220.11L439.04,219.87L439.78,218.4L441.15,217.92L446.89,218.96L447.36,216.9L448.61,217.12L449.04,218.57L451.35,218.9L453.69,217.36L453.74,215.97L455.23,215.7L456.66,216.55L461.26,217.39L463.26,215.85L465.17,218.58L465.45,216.95L466.37,216.12L468.14,216.18L468.89,216.85z'),(58,'LA CORUÑA',1020,0,'1021','M321.35,0l0.84,0.68l-1.38,2.74l0,0l0.14,1.03l-0.51,-0.04l0.87,1.38l-1.36,1.41l0.54,1.57l-0.95,0.27l0.13,2.77l-1.09,2.66l-0.83,0.49l-0.48,1.54l-2.08,0.1l0.1,2.61l-1.82,2.11l0.78,0.7l-1.21,3.34l1.37,4.26l-0.8,0.86l1.07,4.87l-2.81,4.27l0,0l-1.42,0.73l-0.79,-0.87l-1.37,0.47l-2.07,-0.79l-1.14,0.66l0.32,0.86l-1.38,-0.53l-0.74,1.06l-1.1,-1.46l-0.32,0.61l-0.41,-0.39l0.23,1.94l-0.68,0.64l-1.16,-0.43l-0.45,1.46l-1.93,0.44l-2.66,-0.7l0.06,0.58l-1.39,0.15l-0.21,1.16l-1.36,-0.58l-2.04,0.95l-0.29,1.22l0,0l-0.62,1.1l-1.75,0.58l-0.65,-0.38l0.29,-0.75l-1.09,-0.08l-0.31,0.82l0.71,0.59l-0.62,0.22l0.04,0.85l-0.95,-0.16l0.43,-0.93l-0.82,-0.45l-0.89,1.59l0.29,0.77l-1.02,0.07l-1.14,0.88l0.23,0.84l-2,1.1l0.41,-1.75l-0.64,-0.7l-1.12,0.02l1.6,-2.72l0.2,-2.27l3.23,-3.65l1.14,0.13l0.15,-1.48l-0.56,-0.51l-0.1,1.1l-0.83,-0.13l-0.73,1.08l-0.64,-0.62l-0.03,0.66l-1.05,-0.16l-0.08,-0.86l-1.4,0.68l0.48,0.73l-1.33,1.34l-1.92,-2.72l1.24,-0.39l0.2,-0.78l-1.36,-1.64l0.74,-1.54l-1.07,-0.22l-0.36,-1.35l-0.52,-0.31l0.1,1.53l-1.37,-1.11l-0.04,0.64l-0.88,0.23l-0.37,1.68l-0.01,-1.24l-0.72,-0.49l1.13,-3.3l-1.18,-2.35l0.84,0.5l0.48,-1.98l2.78,-0.52v-1.92l-0.81,1.16l-0.66,-1.76l0.42,0.41l0.78,-1.53l0.51,0.35l0.63,-0.79l1.53,0.49l-0.11,0.43l0.96,-0.15l1.47,-2.09l0.44,0.73l0.5,-0.57l1.48,0.42l-0.56,-1.82l-1.24,-0.54l1.21,-0.82l0.69,0.49l0.68,-0.43l-0.08,-1.2l2,0.08l0.18,-1.09l1.63,1.74l2.23,0.64l3.27,-1.44l2.28,0.35l2.9,-2.83l0.91,0.57l0.28,-0.91l0.49,2.13l1.1,-0.34l0.31,-1.27l-0.54,-0.5l1.5,-0.65l2.95,3.31l-0.35,-2.73l1.04,-1.37l-1.55,-0.22l-0.2,0.54l-2.22,-1.17l1.91,-0.89l1.66,0.23l1.44,-2.21l-1.43,1.48l-1.56,-0.28l-0.46,0.73l-2.29,0.39l0.67,-1.65l-0.4,-0.66l1.18,-0.87l-0.88,-1.34l1.83,0.38l2.3,-2.77l0.84,0.32l2.07,-2.23l0.22,1.2l1.07,0.24l-0.65,-0.66l0.6,-0.38l-0.74,-0.13l0.44,-1.89l1.93,-0.01l1.5,-1.53l0.9,-0.09l0.47,-1.06l1.16,-0.22l-0.11,1.78l0.68,0.65l-0.84,-0.2l0.17,2.1l-0.77,0.09l1.52,0.05l-0.42,-1.58l1.62,0.46l-0.66,-0.56l1.09,-1.15l2.4,-0.83L321.35,0z'),(59,'LA RIOJA',1020,1,'1021','M467.9,73.84L467.36,71.21L464.2,71.24L461.28,66.56L462.53,64.65L461.9,60.26L463.3,60.09L462.65,58.88L462.05,58.88L462.14,57.58L462.85,57.62L463.48,59.51L463.31,57.24L463.84,56.4L462.34,54.62L463.05,52.98L461.13,52.38L463.41,50.43L462.67,48.29L466.89,48.35L467.83,49.17L469.6,48.39L469.6,48.39L470.1,49.62L470.78,49.38L470.14,50.74L470.62,51.85L472.07,50.73L472.5,49.03L475.05,50.21L474.29,53.43L475.2,53.06L476.06,54.82L477.36,53.98L477.62,55.25L478.52,54.37L479.68,54.79L480.29,53.3L480.14,54.54L483.03,54.57L483.03,54.57L485.32,56.14L485.75,55.45L486.81,55.89L487.1,55.48L489.3,57.62L492.52,57.46L492.39,58.29L493.51,59.56L493.18,60.47L496.07,59.78L497.04,61.01L498.44,61.29L498.56,62.37L499.9,62.86L499.84,64.35L500.57,64.11L502.07,65.6L504.36,65.94L505.71,66.85L505.11,67.65L505.77,68.53L504.53,69.28L503.92,68.61L502.63,69.11L501.41,68.45L499.23,71.28L498.96,73.56L500.63,74.45L500.63,74.45L500.34,76.16L500.34,76.16L498.54,77.57L496.49,78.1L495.07,76.71L494.82,77.27L492.56,76.51L492.13,74.97L492.63,74.67L490.97,72.03L492.04,71.45L492.03,70.78L489.53,70.47L487.66,71.13L487.28,69.36L485.74,68.77L482.48,69.13L481.07,70.4L480.14,70.06L480.14,71.94L479.09,72.66L478.14,74.93L473.04,74.42L472.69,73.44L474.27,70.56L473.28,69.64L471.65,70.3L471,73.27L468.82,74.39z'),(60,'LEON',1020,0,'1021','M408.76,25.74l-0.32,2.3l2.61,2.15l0.01,0.79l0.68,-0.04l0.22,1.48l0,0l-1.77,1.44l-0.44,2.35l-1.73,2.91l-1.09,0.13l0.16,3.01l-1.24,1.7l1.98,1.52l-0.88,1.61l-0.45,4.53l0.84,0.96l-0.37,3.58l-0.73,0.6l0.58,0.48l0.05,1.58l-2.13,0.5l-0.36,1.51l1.28,-0.36l-0.17,1.48l-0.78,0.92l-0.88,-0.02l0,0l-1.11,-0.33l-0.5,1.64l-1.75,-2.24l-2.17,1.97l-1.65,-0.38l-0.54,1.39l0.81,0.41l-0.42,0.64l-0.74,0.15l-0.65,-0.79l-0.63,1.27l-1.65,-1.07l-0.82,0.15l0.36,7.42l0,0l-1.39,0.44l0,0l-1.82,-0.89l-1.23,-1.84l0,0l-0.69,-0.09l-0.29,1.47l-1.04,0.53l-0.06,-1.09l-1.4,-0.17l0.45,-0.97l-1.47,-1.53l-0.6,0.16l0.31,0.74l-2.04,0.28l-0.82,-0.93l-2.3,1.04l-1.61,-1.87l-0.43,0.64l-1.12,-0.05l-0.16,0.75l-2.31,-1.4l-4.03,-0.34l-1.6,0.73l-2.5,-1.24l-0.58,-1.18l-3.54,0.19l-2.14,0.82l-0.87,-0.88l-2.68,0.01l-0.78,-0.58l-2,0.33l-2.47,-1.83l0,0l1.33,-1.86l0.22,-2.5l-3.36,-1.93l0.89,-0.87l-0.25,-2.65l-1.14,0.09l-2.21,-1.32l-0.86,0.12l-0.58,1.02l-3.01,-0.62l0,0l0.25,-1.92l1.07,-1.23l-0.4,-2.02l1.31,-0.42l-1.25,-2.16l1.05,-1.2l1.17,-0.06l0.41,-1.25l0.73,0.59l2.09,-1.93l0.83,-1.51l-0.95,-2.1l1.15,-0.34l0.58,0.47l-1.02,-1.81l0.73,-0.03l0,0l2.07,1.34l1.04,-1.44l0.97,-0.2l6.17,0.09l1.74,-0.81l-0.02,-1.02l-1.21,-0.15l-0.13,-1.01l1.61,0.18l0.43,-1.23l0.51,0.01l-0.08,-0.91l1.17,-0.89l1,1.18l1.27,-0.21l1.79,1.15l0.4,-1.58l1.09,-0.05L369,32.43l1.22,-0.4l0.46,-1.89l1.89,0.87l1.41,-0.42l0.53,1.94l1.29,1.08l3.39,1.26l1.26,-0.36l1.06,-2.98l1.08,-0.58l3.78,1.41l2.34,0.06l0.47,-1.4l2.7,0.23l0.65,-1.89l2.67,0.72l1.9,-0.26l2.22,-1.32l1.41,0.56l0.79,-3.34l2.42,0.35l1.01,-1.65l1.58,-1.02l1.2,0.3L408.76,25.74zM393.23,64.09l0.57,-0.62l0.82,0.2l-0.05,0.71l0,0l-0.99,0.87L393.23,64.09z'),(61,'LLEIDA',1020,0,'1021','M579.23,39.17l4.41,1.41l2.09,1.51l1.05,-0.65l0.73,0.8l2.86,-0.07l2.85,3.32l1.82,-0.85l0.67,0.57l3.26,-0.24l-0.11,0.85l1.08,0.55l1.61,3.64l-0.45,0.67l0.53,0.68l-0.95,1.29l0.92,-0.29l0.78,1.32l-1.54,1.12l0.67,0.35l0.28,1.55l3.15,0.19l0.26,-1.05l0.6,0.36l0.52,-0.73l1.84,-0.05l0.4,-1.47l1.02,0.6l0.7,-0.63l0.14,0.52l0,0l0.03,2.16l2.14,0.64l0.14,2.27l0.73,-0.47l0.77,0.49l-0.61,0.58l0.23,2.03l0,0l-5.29,1.02l0.61,0.19l0.43,1.69l-0.73,1.23l1.76,0.7l0.04,0.53l-1.24,1.68l0.72,1.84l-0.94,0.17l-0.52,1.15l-0.07,0.75l0.63,-0.21l0.22,0.68l-1.03,1.07l-0.31,-0.72l-0.25,0.85l1.52,0.62l0.01,-1.21l0.66,1.24l-1.12,0.7l-0.23,-0.62l-0.77,0.12l0.09,2.09l-2.58,2l1.54,-0.06l0.34,0.93l-1.27,2.25l0.14,1.07l-0.64,-0.17l-1.28,1.21l-0.79,-1.45l-1.34,0.46l0.31,-0.99l-1.66,0.26l-0.43,2.02l0.67,0.51l-1.32,1.11l2.09,2.42l-2.78,1.35l1.44,0.53l-0.42,1.04l0,0l0.33,0.69l-5.63,-0.47l-0.28,0.86l-1.41,0.58l0.5,1.89l-2.11,0.86l-2.22,-1.39l-0.07,0.86l1.16,0.82l-1.48,2.04l-1.39,0.72l-0.53,1.5l-3.1,0.71l-0.57,-0.97l-0.77,1.35l-1.79,-0.2l-0.3,0.65l-3.79,1.09l-0.96,-0.1l-1.3,-1.35l-0.9,1.49l-0.67,0.02l-1.29,-1.84l-0.81,0.58l-0.05,1.81l-1.46,-0.11l0,0l-1.14,-2.07l0.77,-0.84l-1.65,-1.81l0.46,-0.54l0,0l0.63,-1.77l-0.41,-1.31l1.71,-0.3l1.51,-2.08l-0.56,-2.46l-2.42,0.12l0.26,-1.32l-0.91,-2.02l1.73,-2.43l0.33,0.34l0.1,-1.06l2.18,-0.32l0.42,-1.47l1.82,-0.78l0.46,-1.39l0.7,0.14l0.84,-0.88l-0.44,-0.5l0.45,-1.43l-1.4,-0.78l2.93,-2.61l-0.17,-1.01l1.91,-5.65l-0.35,-1.1l1.9,-5.47l-0.74,-0.59l0.95,-0.57l-1.47,-0.62l0.7,-0.79l-1.71,-4.26L580,53.91l-0.55,-0.83l0.86,-0.41l0.55,-3.17l-1.81,-0.41l-1.48,-2.9l0,0l0.67,-0.75l-0.57,-1.69l-0.74,-0.21l0.89,-0.83l-0.72,-0.35l0.81,-0.95l-0.39,-1.29L579.23,39.17z'),(62,'LUGO',1020,0,'1021','M322.93,1.62l0.26,1.39l0.71,0.09l-0.24,1.67l0.61,0.4l0.26,-1.77l1.79,-1.07l0.38,0.71l0.76,-0.55l0.97,0.68l-0.6,0.14l0.22,0.44l3.48,1.32l1.93,3.37l1.5,0.67l-0.65,1.51l0.91,-1.21l6.01,0.52l-0.34,3.48l0,0l-1.54,2l-2.15,-0.14l-0.28,1.62l1.68,0.82l-0.1,1.78l0.9,1.1l1.27,-0.05l-0.06,2.57l1.27,1.29l0.32,-0.4l1.18,0.78l-0.3,1.57l0.72,1.32l2.21,-0.89l0.72,-1.07l1.24,1.64l-1.53,2.18l-1.36,0.75l-0.69,-0.56l-0.86,1.06l0.05,1.12l-0.53,-0.28l-0.47,0.92l1.07,1.21l0.3,-1.28l1.29,1.3l1.18,0.05l1.1,1.3l-0.18,1.24l0.54,0.55l0,0l-0.73,0.03l1.02,1.82l-0.58,-0.47l-1.15,0.34l0.95,2.1l-0.83,1.51l-2.09,1.93l-0.73,-0.59l-0.41,1.25l-1.17,0.06l-1.05,1.2l1.25,2.16l-1.31,0.42l0.4,2.02l-1.07,1.23l-0.25,1.92l0,0l-0.7,2.06l-1.59,1.08l-1.56,4.42l-0.87,-1.38l0.33,-1.16l-2.67,-1.75l-1.93,0.34l-0.9,-0.59l-3.13,1.94l-1.22,0.18l-1.04,-0.85l-1.28,0.85l-2.96,-2.82l-2.32,-0.56l1.25,-0.58l-0.5,-0.57l-1.08,0.57l-2.32,-1.28l-1.16,0.11l0.36,-0.54l-0.69,-0.15l1.04,-1.04l-1.25,-1.18l0,0l1.17,-2.12l0,-2l0.96,-1.19l-3.59,-3.03l0.68,-2.53l-1.33,-0.38l0,0l2.81,-4.27l-1.07,-4.87l0.8,-0.86l-1.37,-4.26l1.21,-3.34l-0.77,-0.69l1.82,-2.11l-0.1,-2.61l2.08,-0.1l0.49,-1.54l0.83,-0.49l1.09,-2.66l-0.13,-2.77l0.95,-0.27l-0.54,-1.57l1.36,-1.41l-0.87,-1.38l0.51,0.04l-0.14,-1.03l0,0l0.55,0l0.12,-0.83L322.93,1.62z'),(63,'MALAGA',1020,1,'1021','M414.52,263.17l1.22,0.03l0.35,1.76l1.93,-0.08l1.47,-0.62l0.19,-0.94l1.28,-1l1.86,0.02l0.33,2.36l1.53,0.44l-0.15,0.78l0,0l1.24,2.48l0.45,4.01l1.26,-0.08l1.99,2.29l2.05,0.17l1.61,1.88l3.62,0.79l1.9,1.23l1.24,-0.18l1.81,2.05l-0.28,2.48l0,0l-2.06,-0.62l-3.45,1.04l-3.59,-0.85l-1.09,0.9l-2.13,0.36l-6.63,-0.29l-3.55,4.92l-2.85,1.16l-1.09,2.17l-3.08,0.89l-3.69,-0.94l-2.3,0.28l-2.19,1.55l-2.31,0.32l-2.96,1.4l-2.28,3.91l0,0l-0.78,-0.99l-1.3,0.46l-0.83,-3.55l-2.61,-4.39l-1.86,-0.07l-0.96,1.46l-2.58,-0.55l-0.11,-1.11l0.51,-0.35l2.24,0.73l1.88,-2.17l0.15,-1.17l2.36,-0.5l1.69,-1.55l-0.02,-1.93l1.03,-1.95l-1.53,-1.69l1.2,-1.92l0.98,-0.56l3.05,2.32l1.11,-0.57l1.45,-2.54l-0.72,-2.07l0.45,-0.34l-1.44,-1.36l0,0l0.6,-0.91l2.14,-0.11l4.44,-3.22l0.15,-0.92l-1.21,-0.72l0.09,-0.69l1.06,-0.24l0.23,0.99l0.68,-0.08l0.66,-1.55l0.86,-0.08l0.97,1.81l2.63,-1.69l-0.76,-2.01L414.52,263.17z'),(64,'MELILLA',1020,1,'1021','M350.43,412.76L351.96,413.5L351.48,416.08L353.51,417.8L354.69,420.1L355.8,420.99L357.64,421.19L357.99,422.11L357.9,422.74L357.55,421.77L356.69,422.05L356,421.22L354.43,422.02L354.92,423.25L354.11,423.54L354.17,425.4L355.52,427.44L356.81,427.85L356.23,428.99L353.85,430.31L351.07,430.83L348.92,428.07L345.53,425.46L345.73,423.66L344.68,420.96L347.34,413.39L349.81,411.72z'),(65,'MURCIA',1020,1,'1021','M485.45,233.45l0.36,-1.53l2.09,-1.85l1.48,-3.45l3.06,-1.42l1.99,-2.63l1.93,0.94l2.41,-0.63l3.78,-2.27l-0.35,-0.55l1.6,-0.43l1.72,0.6l-0.15,1.1l0.69,0.98l2.47,0.04l3.41,-2.54l-0.61,-6.07l0.34,-1.22l1.07,-0.73l0.14,-2.64l1.4,-1.64l1.09,-0.51l0.73,1.05l2.87,-2.38l2.01,-0.63l1.96,0.65l0.13,1.08l2.76,2.13l0,0l0.75,3.24l-0.76,1.97l0.38,0.99l-2.46,2.29l0.3,3.58l2.93,1.01l0.66,1.88l-0.65,2.83l-1.47,2.42l0.19,1.57l3.99,6.75l2.15,2.28l2.08,0.67l0,0l0.43,2.21l-0.65,-1.75l-2.77,4.49l1.67,2.3l2.39,0.98l-1.03,-5.96l0.5,0.16l1.34,5.95l-0.5,0.92l-3.19,1.23l-1.74,-0.13l-1.26,0.93l-1.28,-0.19l-0.71,-0.98l-1.02,0.45l-1.75,-0.43l-1.61,1.35l0.5,0.58l-1.72,-0.32l-0.2,-0.77l-1.26,-0.5l-0.96,-0.05l-0.34,0.74l-2.11,-0.2l-4.13,2.95l-0.67,2.36l-1.1,-0.27l-3.44,2.19l0,0l-3.28,-2.61l-2.29,-0.34l0.09,0.7l-1.11,-0.82l-4.04,-6.32l-1.1,-3.17l0.52,-1.05l-0.11,-3.68l0.77,-1.75l-2.94,-0.62l-0.43,0.47l-1.19,-1.09l-1.5,0.46l-1.09,-1.08l0,0L485.45,233.45z'),(66,'ORENSE',1020,1,'1021','M313.95,50.87L315.2,52.05L314.15,53.09L314.84,53.24L314.49,53.78L315.65,53.67L317.97,54.96L319.05,54.39L319.55,54.96L318.3,55.54L320.62,56.1L323.59,58.93L324.87,58.07L325.91,58.92L327.13,58.74L330.26,56.8L331.16,57.39L333.09,57.05L335.76,58.8L335.42,59.96L336.29,61.35L337.85,56.93L339.44,55.85L340.14,53.79L340.14,53.79L343.15,54.41L343.73,53.39L344.59,53.28L346.8,54.6L347.95,54.51L348.2,57.16L347.31,58.03L350.67,59.96L350.45,62.46L349.13,64.33L349.13,64.33L348.55,64.94L349.04,65.89L347.31,65.37L345.98,65.95L345.54,66.97L344.24,67.68L343.85,69.45L342.82,69.79L342.41,71.33L341.48,71.72L342.12,72.61L343.28,72.51L343.7,73.66L343.01,75.89L343.01,75.89L342.31,76.81L340.41,76.88L338.85,75.33L337.04,75.6L336.69,77.17L337.18,78.11L336.47,79.71L332.83,81.25L331.28,80.83L329.38,82.69L328.62,80.32L327.09,80.15L326.52,81.27L323.74,81.8L324.53,79.64L322.44,79.66L321,78.58L316.57,79.66L315.72,81.15L315.13,80.55L315.36,77.89L314.69,77.78L314.24,79.8L312.2,80.15L311.39,81.81L307.8,82.63L306.76,82.25L306.62,79.85L305.68,79.97L305.16,78.35L306.82,75.49L309.18,74.1L309.23,72.83L308.18,71.39L306.23,72.1L305.7,68.43L305.7,68.43L306.88,67.4L305.92,66.16L306.79,65.63L306.86,64.72L304.67,65.15L303.7,64.36L303.79,61.79L301.86,60.55L302.17,59.06L300.58,54.65L302.53,54.54L306.49,51.14L307.32,52.11L309.08,51.74L311.32,52.36L312.06,51.12z'),(67,'PALENCIA',1020,0,'1021','M432.22,67.86l0.43,1.5l-1.47,-0.48l-0.05,-0.63L432.22,67.86zM431.83,41.66l-0.61,-0.13l0.06,-1.03L431.83,41.66zM433.16,43.05l1.3,-2.7l0.12,2.6l0,0L433.16,43.05zM411.95,32.43l3.03,0.18l0.98,-0.8l1.46,0.68l1.15,-1.17l1.39,0.36l0.86,-0.83l1.52,0.99l1.56,2.62l3.34,0.74l0.6,4.34l0.6,0.24l1.69,-0.99l0.48,0.93l-1.66,1.5l1.01,0.88l1.58,-0.08l0.53,1.24l0,0l-0.87,1.15l-1.12,-0.76l-3.4,2.66l-0.3,-0.71l-0.81,0.6l0.9,3.03l-0.88,0.5l0.67,1.02l-1.06,0.44l0.06,0.64l0.79,0.44l-0.26,1.36l1.2,0.72l0.14,1.6l-2.29,-0.11l-0.55,1.62l0.41,1.66l1.5,-0.24l1.27,7.33l1.31,1.32l-0.51,1.72l1.94,0.62l0.65,-0.36l1.99,1.13l-0.65,0.75l-0.78,-0.18l0.71,2.07l1.25,-0.68l1.74,0.08l0.35,0.75l-1.34,1.43l-0.56,1.83l4.34,-1.75l-0.03,1.61l-1.36,0.02l-1.37,1.08l0.02,1.24l-1.74,1.14l-1.57,0.09l-0.04,1.63l1.6,1.68l-0.09,0.88l0,0l-1.8,-0.25l-0.73,-1.35l-2.82,0.32l-0.64,-0.59l-2.5,2.07l-2.27,-0.98l-1.92,1.15l-1.44,-0.5l0.43,-2l0.8,-0.01l-0.37,-0.93l-1.19,0.81l-1.14,-0.32l-0.52,0.76l-3.18,-3.61l-3.67,3.39l-2.45,-4.67l-1.81,0.69l-0.66,-0.77l-1.05,0.98l-0.66,-1.53l1.21,-2.46l0.91,-0.45l-0.42,-1.36l1.4,-1.13l-0.72,-2.96l-3.05,-0.15l0.76,-5.58l0,0l0.88,0.02l0.78,-0.92l0.17,-1.48l-1.28,0.36l0.36,-1.51l2.13,-0.5l-0.05,-1.57l-0.58,-0.48l0.74,-0.6l0.37,-3.58l-0.84,-0.96l0.45,-4.53l0.88,-1.61l-1.98,-1.52l1.24,-1.69l-0.16,-3.01l1.09,-0.13l1.73,-2.91l0.44,-2.35L411.95,32.43z'),(68,'PONTEVEDRA',1020,0,'1021','M289.52,46.77l0.29,-1.22l2.04,-0.95l1.36,0.58l0.21,-1.16l1.39,-0.15l-0.06,-0.58l2.66,0.71l1.93,-0.44l0.45,-1.46l1.16,0.43l0.68,-0.64l-0.23,-1.94l0.41,0.39l0.32,-0.61l1.11,1.46l0.74,-1.06l1.38,0.53l-0.32,-0.86l1.14,-0.66l2.07,0.79l1.37,-0.47l0.79,0.87l1.42,-0.73l0,0l1.33,0.38l-0.68,2.53l3.6,3.03l-0.96,1.19l0,2l-1.17,2.12l0,0l-1.88,0.25l-0.74,1.24l-2.24,-0.62l-1.76,0.38l-0.83,-0.97l-3.95,3.39l-1.95,0.12l1.59,4.41l-0.31,1.49l1.93,1.24l-0.08,2.57l0.97,0.8l2.19,-0.44l-0.07,0.91l-0.87,0.54l0.95,1.24l-1.18,1.03l0,0l-3.77,2.16l-0.29,0.74l-5.77,0.18l-0.8,1.04l-2.76,0.26l-0.81,1.87l-2.52,1.51l-0.37,1.35l-3.65,2.57l-0.77,-9.95l1.47,-0.64l1.16,0.53l-0.18,-1.11l-0.91,-0.6l0.81,0.06l0.28,-1.4l4.94,-4.09L292.98,63l-0.56,-2.81l-0.12,1.14l-0.78,0.59l0.31,0.59l-1.17,0.75l-1.29,-0.28l-1.85,1.66l-0.67,-0.64l-1.81,0.47l0.49,-2.43l1.25,1.26l-0.63,-2.55l2.06,0.32l1.37,-2.18l2.12,-1.67l-0.77,0.18l-0.43,-0.66l-2.4,2.04l-1.26,-0.55l-0.74,0.72l-1.31,-1.28l-0.01,-1.69l-0.95,-0.31l-0.49,0.58l-0.49,-0.6l0.22,-0.67l0.91,0.21l1.13,-1.09l0.48,1.2l-0.39,1.04l1.46,-0.22l-0.31,-1.35l0.78,-0.65l-0.29,-1.01l-0.44,0.22v-2.32l1.04,-0.2L289.52,46.77z'),(69,'SALAMANCA',1020,0,'1021','M358.47,103.66L363.45,104.6L369.07,107.88L371.29,106.63L372.92,107.47L372.52,109.3L373.83,108.52L374.63,109.92L375.86,108.37L375.61,106.75L376.33,105.92L380.4,106.84L383.72,105.63L384.6,106.9L385.84,107.39L386.54,106.79L388.99,108.34L389.02,109.7L389.25,108.37L391.37,108.07L391.6,109.7L392.93,109.89L393.79,110.85L394.74,110.5L395.02,108.22L395.02,108.22L395.03,107.66L396.44,107.6L397.18,109.13L398.37,108.81L400.05,110.25L400.05,110.25L399.19,113.02L401.12,115.74L400.66,117.21L399.96,117.46L400.33,119.55L398.85,120.92L398.92,123.12L397.16,124.78L397.3,125.39L392.05,128.87L392.65,129.79L392.13,130.92L390.14,132.57L388.55,132.49L388.51,131.86L388.04,132.34L387.78,134.14L390.44,133.11L390.82,133.5L389.59,137.14L388.23,137.23L387.7,138.89L386.25,138.01L386.67,136.69L384.42,137.36L382.67,138.91L383.23,141.85L381.25,144.04L381.25,144.04L379.54,144.33L379.41,141.67L376.75,142.73L375.74,144.7L374.16,144.22L372.69,143.14L372.7,142.19L369.95,141.52L371.2,139.93L369.22,138.96L369.63,138.12L368.68,138.34L368.35,137.5L366.1,136.31L362.62,138.07L361.66,139.78L360.34,139.82L359.74,140.88L356.74,141.91L356,142.64L356.13,144.17L355.18,144.97L352.58,145.27L352.02,146.1L351.15,145.03L350.01,146.25L347.59,145.9L346.65,144.98L346.65,144.98L346.76,143.82L348.82,142.66L349.23,141.22L347.58,139.48L347.12,137.72L348.79,135.32L348.62,133.75L347.25,133.12L348.83,129.28L347.69,125.59L347.84,121.94L348.64,121.72L348.36,120.36L347.14,119.55L346.83,117.63L344.61,114.41L348.37,114.12L350.05,111.38L349.63,110.13L351.43,108.6L353.29,105.55L355.66,105.9L357.15,104.41L357.55,104.88L358.45,104.5z'),(70,'SEGOVIA',1020,0,'1021','M435.16,91.86L437.8,93.14L439.97,96.04L441.08,95.85L440.59,94.18L441.69,93.68L441.63,96.9L442.56,97.28L442.9,94.55L444.64,92.8L448.63,92.1L448.63,92.1L448.73,93.15L449.85,94.08L450.53,94.42L451.19,93.76L452.23,94.59L452.57,96.24L455.11,96.87L454.49,99.56L458.89,103.25L458.89,103.25L457.43,105.14L456.93,104.43L454.93,105.33L452.68,105.02L452.9,106.93L451.62,106.86L450.92,108.17L448.69,108.91L448.69,108.91L446.42,109.55L444.48,112.1L442.57,113.42L441.26,115.59L437.78,116.94L436.47,118.55L435.19,124.33L432.42,123.94L429.65,128.13L429.65,128.13L428.93,127.8L426.12,128.68L426.12,128.68L424.83,129.06L424.75,129.84L424.75,129.84L421.69,130.4L421.34,126.01L420.02,124.71L419.41,122.33L417.8,122.66L417.41,122.09L418.25,121.32L417.4,120.22L417.19,117.37L415.95,116.78L414.98,114.33L412.68,113.05L412.41,109.54L412.41,109.54L413.68,108.06L415.3,108.67L414.59,106.62L416.96,104.43L416.25,102.58L417.4,103.33L418.34,102.56L420.21,103.59L419.09,101.5L419.71,100.7L418.77,98.96L420.2,98.81L421.71,97.72L423.37,97.88L423.44,97.31L426.28,96.85L426.55,97.29L432.56,95.48L434.57,94.61z'),(71,'SEVILLA',1020,1,'1021','M367.66,236.74l1.99,-1.58l4.96,-0.53l1.37,-2.62l-0.54,-1.61l2.3,-2.62l3.79,-0.99l1.03,0.42l0.32,1.15l-0.66,-0.48l0.34,0.74l-1.41,0.93l0.18,1.56l0.75,0.2l2.36,-2.22l1.49,0.25l0,0l2.74,3.47l0.07,1.81l2.38,2.02l0.02,2.86l2.15,1.15l-0.16,1.77l1.22,0.78l0.07,2.9l-0.6,0.29l-0.35,-0.57l-1.12,1.1l-0.4,-0.77l-0.73,0.55l0.56,1.03l-0.63,0.41l1.72,2.33l5.57,-3.66l0.82,0.76l1.29,-0.06l-0.67,-1.4l0.66,-0.06l0.32,1.16l0.84,0.37l-0.64,-0.74l0.58,-1.07l0.76,-0.4l1.47,0.45l1.41,2.09l-0.62,2.03l1.3,-0.67l-0.53,3.68l1.32,0.85l0.65,2.38l1.37,0.12l-0.3,0.93l1.07,1.26l-0.22,0.75l1.23,1.14l1.6,-0.26l0.32,-0.88l1,0.65l1.03,3.29l0,0l-2.46,0.22l0.76,2.01l-2.63,1.7l-0.97,-1.81l-0.86,0.08l-0.66,1.55l-0.68,0.08l-0.23,-0.99l-1.06,0.24l-0.09,0.69l1.21,0.72l-0.15,0.93l-4.44,3.22l-2.14,0.11l-0.6,0.91l0,0l-2.84,2.4l-2.06,-3.68l-4.2,3.91l-0.65,-1.63l1.2,-1.27l-0.21,-1.3l-2.11,0.21l-0.43,0.23l1.27,1.9l-2.33,2.05l0.37,1.41l-1.51,-0.82l-0.16,-1.23l-0.93,0.25l-1.52,-1.36l-1.51,2.16l-3.94,0.17L376.98,277l-0.45,2.01l-6.55,-0.57l-1.57,-1.07l-3.02,-0.33l-0.75,-0.65l-1.62,0.46l0,0l-1.47,-1.37l0.76,-1.97l-0.99,-3.37l1.35,-1.86l-0.53,-0.59l0.72,-1.2l-0.73,-2.63l0.82,-2.34l-1.58,-1.47l1.18,-1.09l-0.49,-0.39l0.18,-1.4l1.34,-0.25l0.18,-0.63l-2.63,-4.58l-0.08,-2.2l-4.08,-0.18l-0.25,-1.36l1.04,-0.61l0.88,-2.26l0.72,0.25l4.27,-1.78l1.81,0.07l-0.01,0.78l0.93,0.12l0.2,-1.99l0.86,-0.72l1.65,0.85l0.37,-1.13l-1.29,-1.77l1.2,-1.63l-0.6,-0.6l-0.75,0.43L367.66,236.74zM403.32,250.23l-2.02,-2.16l1.55,0.24L403.32,250.23z'),(72,'SORIA',1020,0,'1021','M467.9,73.84L468.82,74.39L471,73.27L471.65,70.3L473.28,69.64L474.27,70.56L472.69,73.44L473.04,74.42L478.14,74.93L479.09,72.66L480.14,71.94L480.14,70.06L481.07,70.4L482.48,69.13L485.74,68.77L487.28,69.36L487.66,71.13L489.53,70.47L492.03,70.78L492.04,71.45L490.97,72.03L492.63,74.67L492.13,74.97L492.56,76.51L494.82,77.27L495.07,76.71L496.49,78.1L498.54,77.57L500.34,76.16L500.34,76.16L500.32,78.5L501.53,80.8L500.45,83.42L501.99,84.99L501.79,85.59L502.83,86.08L502.48,87.12L501.7,87.65L501.88,88.56L500.26,88.67L498.3,91.25L496.14,91.18L496.94,93.39L496.52,95.82L497.37,96.8L497.84,99.05L495.04,99.99L494.84,98.25L492.82,97.48L492.38,100.08L490.93,101.17L490.61,103.9L491.45,108.12L493.48,108.66L494.35,109.64L494.35,109.64L494.2,112.77L491.89,110.81L490.56,112.2L488.81,111.67L487.85,112.86L486.01,113.31L485.03,112.09L483.08,113.26L481.53,112.43L481.2,110.99L480.32,110.78L479.47,109.01L478.27,109.94L477.65,109.45L478.2,108.33L476.85,107.97L477.73,107.45L477.85,106.49L476.63,106.87L476.11,105.85L474.16,105.37L473.94,104.41L472.59,104.48L472.14,105.45L470.71,105.18L469.34,104.46L469.27,102.73L468.11,102.29L466.78,103.72L463.35,104.5L458.89,103.25L458.89,103.25L454.49,99.56L455.11,96.87L452.57,96.24L452.23,94.59L451.19,93.76L450.53,94.42L449.85,94.08L448.73,93.15L448.63,92.1L448.63,92.1L448.36,91.32L449.01,90.67L451.16,91.61L453.18,87.48L454.25,87.36L454.42,85.54L456.8,84.28L456.54,79.56L459.28,81.81L459.99,83.28L461.07,82.5L462.27,79.67L464.74,79.43L465,77.98L466.15,77.69L466.77,75.03z'),(73,'TARRAGONA',1020,0,'1021','M600.05,92.2l1.89,0.24l-0.72,0.55l0.54,0.76l-1.22,0.09l-0.38,0.9l2.71,1.55l-0.49,1.26l0.82,0.34l-0.62,0.25l0.46,1.14l-0.52,0.85l1.11,-0.56l0.85,0.37l1.26,0.93l-0.59,0.79l1.11,1.38l-0.21,0.63l1.49,-0.08l-0.52,1.72l-1.52,-0.29l0.35,0.96l1.22,0.57l0.6,-0.49l0.13,1.61l0,0l-5.51,1.21l-1.96,1.38l-3.1,0.12l-2.65,1.04l-1.29,1.98l-1.51,-0.82l-4.29,1.45l-8.71,9.59l1.04,1.37l1.14,0.17l0.37,-0.34l-1.73,-0.72l1.4,-0.06l1.8,2.34l1.35,0.07l-0.15,1.45l-3.46,2.26l-2.65,3.2l-1.59,0.26l-0.69,-0.91l3.37,-0.82l1.18,-1.58l-4.4,0.57l-2.63,3.99l0,0l-2.37,-0.97l0.18,-1.25l-1.29,-0.97l0,0l-3.78,-1.11l0,0l-0.32,-1.19l0.72,-1.17l-1.71,-0.55l-0.3,-1.25l-1.7,0.01l0,0l-0.35,-0.72l0.5,0.38l0,-0.56l1.68,-0.5l1.48,-2.16l-1.2,-2.58l1.67,-3.46l-1.06,-1.76l0.64,-0.24l-1.83,-2.09l0,0l-0.59,-0.54l0,-1.71l1.43,-0.14l0.16,-0.81l1.54,-0.58l0.59,-2.47l1.81,-0.45l0.13,-1.72l0,0l1.46,0.11l0.05,-1.81l0.81,-0.58l1.29,1.84l0.67,-0.02l0.9,-1.48l1.3,1.35l0.96,0.1l3.79,-1.09l0.3,-0.65l1.79,0.2l0.78,-1.35l0.57,0.97l3.1,-0.71l0.53,-1.49l1.39,-0.72l1.48,-2.04l-1.16,-0.82l0.07,-0.86l2.22,1.39l2.11,-0.86l-0.5,-1.89l1.42,-0.58l0.28,-0.86l5.63,0.47L600.05,92.2z'),(74,'TERUEL',1020,0,'1021','M507.68,117.88L509.5,118.05L511.12,117.05L512.11,117.67L512.91,116.55L512,114.99L514.01,114.18L514.19,112.91L515.7,112.01L515.75,113.27L517.8,113.62L518.85,112.46L518.29,111.41L518.81,110.63L520.18,109.97L521.28,110.58L522.89,110.13L523.41,108.8L525.42,110.14L526.6,110.16L527.47,109.38L526.67,111.74L527.93,112.5L529.31,111.83L530.2,109.57L530.92,111.22L531.88,111.69L533.11,111.22L533.94,108.72L536.01,111.05L538.59,107.82L536.77,105.99L538.12,105.53L537.98,102.94L538.73,102.47L541,106.35L541.67,105.93L541.13,103.9L539.45,102.55L539.89,101.22L542.58,101.55L542.88,102.68L544.4,102.94L544.15,103.66L544.85,104.54L546.96,105.8L547.55,105.14L550.4,107.89L551.77,107.98L556.52,110.4L558.44,113.71L559.53,112.38L561.78,113.04L564.07,112.7L564.07,112.7L565.9,114.8L565.25,115.03L566.31,116.79L564.64,120.25L565.85,122.84L564.36,125L562.68,125.51L562.69,126.06L562.19,125.68L562.55,126.4L562.55,126.4L559.54,127.14L558.6,128.08L557.79,126.57L555.32,126.62L552.25,124.15L551.26,124.31L550.43,125.54L550.07,128.08L547.89,129.35L547.22,128.52L545.71,129.04L545.94,131.2L548.31,131.31L548.04,135.13L548.94,136.83L546.65,138.03L548.64,141.19L546.86,142.2L546.07,143.6L545.34,143.57L545.54,145.21L544.17,146.05L542.13,146.66L540.61,145.74L539.56,150.28L538.02,151.72L538.48,153L536.35,154.03L534.18,153.94L533.44,155.87L531.6,156.73L531.52,158.79L532.83,160.54L532.83,160.54L530.81,161.88L530.04,161.69L529.31,160.89L529.61,158.51L529.06,157.22L528.71,157.55L526.89,156.52L523.4,156.79L522.89,157.36L522.25,156.92L522.25,156.92L521.55,155.39L521.55,155.39L524.04,154.35L524.41,153.38L522.1,151.25L519.11,151.16L519.13,149.97L517.9,148.95L517.47,147.34L516.71,148.41L516.91,149.82L515.66,150.65L512.85,149.99L512.85,149.99L513.15,147.93L512.06,148.4L510.94,147.66L510.04,148.17L505.44,143.41L504.55,144.72L504.25,143.67L505.21,142.95L501.88,139.86L501.88,139.86L503.65,137.26L505.37,136.3L505.08,134.24L505.81,132.11L508.25,133.28L509.88,131.94L509.29,131.16L510.19,128.24L509.38,126.12L510.06,125.27L509.98,123.23L507.59,120.48z'),(75,'TOLEDO',1020,0,'1021','M416.8,147.11L418.12,147.82L421.14,146.3L421.2,145.43L422.78,144.24L422.87,143.07L423.61,143.41L423.88,146.34L424.7,146.8L426.24,146.48L427.02,144.85L428.31,145.04L428.69,143.92L430.14,145.23L430.16,146L431.37,146.13L432.38,145.21L433.84,145.84L434.8,147.42L436.01,147.31L436.12,148.24L436.68,147.65L438.36,148.16L439.63,149.35L440.52,148.71L442.39,150.5L443.14,149.89L444.05,150.5L444.79,150.06L446.64,151.45L446.21,153.56L442.35,156.56L442.97,157.13L441.89,156.96L442.07,157.79L441.62,157.83L441.78,157.14L441.1,157.93L439.94,157.92L439.73,158.58L439.5,158.1L438.37,158.64L438.57,159.6L440.58,160.4L442.39,158.17L445.77,157.15L445.67,156.25L447.16,155.26L449.3,154.96L449.69,153.87L453.16,154.38L453.68,152.79L454.99,152.54L456.76,153.9L458.96,153.44L459.88,152.17L460.3,153.2L460.3,153.2L460.88,156.4L462.29,156.32L462.27,158.45L461.35,160.79L462.91,161.55L465.32,166.99L468.07,170.03L467.36,176.8L467.36,176.8L466.58,177.76L465.27,177.98L464.56,177.38L463.12,177.64L460.85,175.85L459.59,176.15L459.57,176.7L456.22,176.83L455.56,178.3L455.77,179.67L452.66,179.45L450.81,180.73L450.62,181.88L448.91,183.42L444.38,183.65L443.08,184.79L440.92,183.89L438.94,185.22L435.63,183.66L435.42,181.52L432.31,181L431.36,181.96L430.87,181.11L430.02,181.1L430.94,177.38L432.48,177.38L432.73,174.81L433.64,174.8L433.28,172.69L430.74,173.15L429.69,172.63L428.64,175.86L427.14,176.55L422.99,175.83L420.95,174.76L420.4,176.52L418.88,174.8L419.77,174.14L418.44,173.24L418.27,174.42L417.91,173.93L417.35,174.34L417.14,175.78L415.59,176.28L415.6,177.48L413.46,177.64L413.46,177.64L413.46,177.64L413.46,177.64L411.39,179.01L411.39,179.01L411.51,175.62L408.08,173.45L406.7,175.92L405.7,179.83L405.7,179.83L405.34,179.83L405.34,179.83L397.54,171.82L398.92,170L399.65,167.15L398.55,165.72L399.02,165.37L398.76,163.77L397.56,163.86L396.08,165.65L394.4,165.34L394.29,162.8L395.16,161.22L393.86,160.1L391.42,160.67L392.68,156.44L392.56,151.8L393.57,151.17L393.57,151.17L397.35,151.53L397.68,152.49L398.61,152.41L401.73,149.85L403.31,149.44L403.47,151.36L405.27,150.96L405.22,150.47L406.17,150.36L406.19,149.01L409.78,146.39L409.89,144.8L411.21,145.37L413.14,144.51L413.49,147.37L414.5,147.88z'),(76,'VALENCIA',1020,0,'1021','M522.25,156.92l0.63,0.44l0.51,-0.56l3.49,-0.27l1.82,1.03l0.35,-0.33l0.55,1.3l-0.3,2.37l0.74,0.81l0.77,0.19l2.02,-1.34l0,0l2.06,2.63l1.21,-1.49l1.07,0.66l0.12,3.26l0.66,0.31l1.31,0.19l0.34,-1.25l1.43,-0.91l2.28,3.23l1.89,-1.81l0.52,-1.58l1.52,-0.06l2.06,2.28l2.22,0.87l0,0l-0.78,2.99l-1.1,0.84l-2.04,4.05l-0.55,3.96l1.28,4.62l2.35,4.72l-0.74,0.49l0.1,1.83l1.52,3.61l4.6,5.92l0,0l0.11,1.12l-1.12,-1.12l-2.38,1.07l-0.39,-1.14l-2.14,1.33l-2.46,-1.1l-2.19,1.84l-0.61,-0.21l-2.22,1.41l-3.24,0.12l-0.49,0.41l0.37,0.86l0.75,0.57l0.87,-0.52l0.75,0.95l-3.4,2.21l-0.78,-1.61l-1.96,-0.24l-0.85,-1l-3.06,1.06l-0.83,-1.51l-1.3,0.15l-0.76,-0.66l0,0l0.14,-4.23l-1.07,-2.08l-5.75,0.6l-3.69,-4.78l0.34,-2.17l2.3,-4.16l0.49,-3.9l-4.52,-1.29l-0.73,0.36l-2.39,-1.83l-1.26,0.76l0.07,-1.49l-0.63,0.3l-0.33,-1.25l-0.65,0.19l0,0l0.27,-0.43l-0.75,-0.11l0.51,-5.24l1.3,-0.5l1.35,-3.11l1.52,-1.38l1.71,0.76l1.02,-0.29l0.54,-0.83l-0.41,-1.51l1.85,-2.85l0.46,-2.02l-0.25,-3.36L522.25,156.92zM512.85,149.99l2.82,0.66l1.24,-0.83l-0.2,-1.41l0.76,-1.07l0.43,1.61l1.23,1.02l-0.02,1.19l3,0.09l2.31,2.13l-0.37,0.97l-2.48,1.04l0,0l-2.54,0.6l-3.95,-0.85l-1.33,-3.08l0.39,-0.31l-1.49,-1.18L512.85,149.99z'),(77,'VALLADOLID',1020,0,'1021','M387.9,70.78l1.23,1.84l1.82,0.9l0,0l-0.79,0.7l0.5,0.46l-0.22,1.44l-1.43,-0.71l0.37,-1.19L387.9,70.78zM393.23,64.09l0.57,-0.62l0.82,0.2l-0.05,0.71l0,0l-1.04,0.87L393.23,64.09zM392.33,73.07l-0.36,-7.42l0.82,-0.15l1.65,1.07l0.63,-1.27l0.65,0.79l0.74,-0.15l0.42,-0.63l-0.8,-0.41l0.54,-1.39l1.65,0.38l2.17,-1.97l1.76,2.25l0.51,-1.64l1.11,0.33l0,0l-0.76,5.58l3.05,0.15l0.72,2.96l-1.4,1.13l0.42,1.36l-0.91,0.45l-1.21,2.46l0.66,1.53l1.05,-0.98l0.66,0.77l1.81,-0.69l2.45,4.67l3.67,-3.38l3.18,3.61l0.52,-0.76l1.14,0.32l1.19,-0.81l0.37,0.93l-0.8,0.01l-0.42,2l1.44,0.5l1.92,-1.15l2.27,0.98l2.51,-2.07l0.64,0.59l2.82,-0.32l0.73,1.35l1.8,0.25l0,0l-1.09,1.73l1.54,1.38l-0.28,2.94l0.9,0.05l0.78,1.47l0,0l-0.59,2.75l-2.01,0.87l-6.01,1.8l-0.28,-0.44l-2.83,0.46l-0.08,0.57l-1.66,-0.16l-1.51,1.09l-1.43,0.14l0.94,1.75l-0.63,0.8l1.13,2.09l-1.87,-1.03l-0.95,0.77l-1.14,-0.75l0.71,1.85l-2.36,2.19l0.71,2.06l-1.62,-0.61l-1.27,1.48l0,0l-1.97,0.23l-0.84,0.58l-0.04,1.05l-1.49,0.38l-3.87,-2.71l-4.15,1.17l0,0l-1.68,-1.43l-1.18,0.31l-0.74,-1.52l-1.41,0.06l-0.01,0.55l0,0l-1.31,0.14l-0.27,-0.63l1.43,-1.31l0.06,-1.75l-1.32,-4.13l0.83,-1.77l-0.97,-0.47l0.44,-1.21l-0.61,-0.98l3.56,-2.01l-1.97,-1.88l0.69,-1.09l-1.79,-0.6l0.02,-2.69l-0.92,-0.73l-0.11,-1.19l-0.41,0.37l-0.5,-1.67l3.43,-2.17l-0.23,-0.58l-1.3,-0.14l1.1,-3.65l-1.27,-0.72l2.47,-1.82l-0.8,0.12L392.33,73.07z'),(78,'VIZCAYA',1020,0,'1021','M472.86,14.14l0.41,1.15l1.27,0.81l0.42,1.94l0.06,-1.93l1.18,-0.22l0.73,0.98l3.36,0.62l1.53,1.74l1.47,0.62l0,0l-0.75,0.91l0.57,1.32l-0.56,1.02l-1.88,0.98l0.4,2.04l-0.76,0.43l0.26,2.72l-1.4,0.35l0,0l-3.53,0.58l0.86,2.27l-4.18,-0.29l-2.89,-1.05l-0.93,0.23l-2.42,-2.05l1.14,-1.71l-1.36,-2.75l-0.82,0.22l-0.3,-0.26l-0.32,1.74l-1.47,0.63l-1.12,0.12l-0.92,-0.76l0,0l-0.49,-0.68l-2.05,0.32l-0.9,-1.19l-5.04,2.73l0,0l-0.95,-4.31l3.33,-1.76l0.24,-1l1.63,0.5l1.66,-0.79l0.48,1.07l1.6,-0.75l0.13,-2.18l0,0l1.06,0.43l0.46,-0.89l2.61,1.6l0.2,-0.86l-0.76,-1.12l2.04,-1.67l0.77,0.16l-0.04,-1.13l4.31,0.2L472.86,14.14zM455.9,22.47l1.69,-0.04l-0.6,1.07l0,0l0.12,1.17l0,0l-1.01,-0.02L455.9,22.47z'),(79,'ZAMORA',1020,0,'1021','M349.13,64.33L351.6,66.15L353.6,65.83L354.38,66.41L357.05,66.4L357.93,67.28L360.06,66.46L363.6,66.27L364.18,67.45L366.68,68.68L368.28,67.95L372.31,68.29L374.62,69.69L374.79,68.94L375.91,68.99L376.34,68.35L377.96,70.22L380.25,69.18L381.07,70.11L383.11,69.83L382.8,69.09L383.4,68.93L384.87,70.46L384.42,71.43L385.82,71.6L385.88,72.69L386.92,72.16L387.21,70.69L387.9,70.78L387.9,70.78L389.37,74.22L389,75.42L390.43,76.12L390.65,74.68L390.15,74.22L390.94,73.52L390.94,73.52L392.33,73.07L392.33,73.07L395.27,75.65L396.06,75.54L393.59,77.35L394.87,78.07L393.77,81.72L395.07,81.86L395.3,82.44L391.87,84.61L392.37,86.28L392.78,85.91L392.89,87.11L393.81,87.84L393.79,90.53L395.58,91.14L394.89,92.23L396.86,94.11L393.3,96.12L393.91,97.09L393.47,98.3L394.44,98.77L393.61,100.54L394.93,104.67L394.87,106.42L393.44,107.73L393.71,108.36L395.02,108.22L395.02,108.22L394.74,110.5L393.79,110.85L392.93,109.89L391.6,109.7L391.37,108.07L389.25,108.37L389.02,109.7L388.99,108.34L386.54,106.79L385.84,107.39L384.6,106.9L383.72,105.63L380.4,106.84L376.33,105.92L375.61,106.75L375.86,108.37L374.63,109.92L373.83,108.52L372.52,109.3L372.92,107.47L371.29,106.63L369.07,107.88L363.45,104.6L358.47,103.66L358.47,103.66L359.76,103.2L360.45,101.47L361.54,101.13L361.27,99.94L363.46,99.9L362.96,98.93L364.14,97.91L363.82,97.32L367.39,92.21L367.15,91.61L364.51,89.04L362.67,88.18L359.54,87.72L357.9,88.85L356.37,87.68L355.73,85.31L357.37,80.06L355.66,79.57L356.42,77.27L355.25,76.17L354.12,77.26L351.71,77.52L350.16,77.1L349.6,75.44L348.29,75.09L347.71,77.1L344.3,77.09L343.8,76.06L343.01,75.89L343.01,75.89L343.7,73.66L343.28,72.51L342.12,72.61L341.48,71.72L342.41,71.33L342.82,69.79L343.85,69.45L344.24,67.68L345.54,66.97L345.98,65.95L347.31,65.37L349.04,65.89L348.55,64.94z'),(80,'ZARAGOZA',1020,0,'1021','M529.66,44.04L529,45.79L530.3,46.31L529.9,47.39L528.84,47.64L529.54,49.94L528.64,51.11L529.12,51.83L529.71,51.64L529.79,52.47L528.66,53.88L529.91,53.72L530.37,55.72L529.52,56.76L532.29,58.48L531.4,58.92L529.14,64.25L530.02,64.86L530.4,63.17L532.36,63.88L533.61,60.53L533.44,58.63L534.71,59.52L534.94,62.5L534.01,63.91L534.37,68.36L533.9,71.98L532.92,72.51L532.61,70.81L530.15,74.63L533.43,76.53L537.12,76.53L537.97,78.38L539.05,78.93L538.79,79.6L540.27,80.07L541.45,81.49L541.94,84.58L541.37,85.89L542.29,85.79L545.82,87.58L546.19,89.64L547.72,90.2L549.76,92.26L550.99,91.09L552.51,91.59L552.5,93.83L554.09,95.86L555.08,100.28L555.79,100.96L557.06,101.47L556.57,99.47L557.61,100.96L560.17,101.38L562.36,99.07L562.86,99.57L564.03,99.2L564.83,98.18L567.59,99.01L567.59,99.01L567.13,99.56L568.78,101.37L568,102.21L569.14,104.28L569.14,104.28L569.01,106L567.2,106.46L566.62,108.93L565.07,109.51L564.91,110.32L563.48,110.46L563.48,112.17L564.07,112.7L564.07,112.7L561.78,113.04L559.53,112.38L558.44,113.71L556.52,110.4L551.77,107.98L550.4,107.89L547.55,105.14L546.96,105.8L544.85,104.54L544.15,103.66L544.4,102.94L542.88,102.68L542.58,101.55L539.89,101.22L539.45,102.55L541.13,103.9L541.67,105.93L541,106.35L538.73,102.47L537.98,102.94L538.12,105.53L536.77,105.99L538.59,107.82L536.01,111.05L533.94,108.72L533.11,111.22L531.88,111.69L530.92,111.22L530.2,109.57L529.31,111.83L527.93,112.5L526.67,111.74L527.47,109.38L526.6,110.16L525.42,110.14L523.41,108.8L522.89,110.13L521.28,110.58L520.18,109.97L518.81,110.63L518.29,111.41L518.85,112.46L517.8,113.62L515.75,113.27L515.7,112.01L514.19,112.91L514.01,114.18L512,114.99L512.91,116.55L512.11,117.67L511.12,117.05L509.5,118.05L507.68,117.88L507.68,117.88L502,111.98L498.01,109.98L497.19,108.6L494.35,109.64L494.35,109.64L493.48,108.66L491.45,108.12L490.61,103.9L490.93,101.17L492.38,100.08L492.82,97.48L494.84,98.25L495.04,99.99L497.84,99.05L497.37,96.8L496.52,95.82L496.94,93.39L496.14,91.18L498.3,91.25L500.26,88.67L501.88,88.56L501.7,87.65L502.48,87.12L502.83,86.08L501.79,85.59L501.99,84.99L500.45,83.42L501.53,80.8L500.32,78.5L500.34,76.16L500.34,76.16L500.63,74.45L500.63,74.45L501.04,74.98L503.09,74.95L504.68,76.55L506.55,76.2L509.49,78.32L514.02,78.11L517.27,73.01L517.09,71.8L515.81,71.77L514.38,69.58L514.6,67.38L513.81,66.05L514.38,62.77L516.52,60.12L515.58,59.17L516.14,57.28L518.25,54.86L517.78,53.18L518.5,51.77L519.68,52.38L520.4,52.07L520.43,50.88L521.77,50L521.1,49.65L521.78,49.54L521.94,48L524.99,48.22L525.76,45.82L527.57,45.67L528.98,43.99z'),(81,'AVILA',1020,1,'1021','M400.05,110.25L404.19,109.08L408.06,111.79L409.56,111.41L409.6,110.35L410.44,109.78L412.41,109.54L412.41,109.54L412.68,113.05L414.98,114.33L415.95,116.78L417.19,117.37L417.4,120.22L418.25,121.32L417.41,122.09L417.8,122.66L419.41,122.33L420.02,124.71L421.34,126.01L421.69,130.4L424.75,129.84L424.75,129.84L426.66,129.6L426.12,128.68L426.12,128.68L428.93,127.8L429.65,128.13L429.65,128.13L429.61,130.81L427.13,131.66L425.67,130.63L425.68,133.18L424.48,134.38L424.86,137.17L424.12,138.62L424.72,139.36L421.62,139.53L420.59,143L419.09,143.2L418.41,142L417.8,142.11L418.33,144.09L417.1,145.52L417.36,146.9L416.8,147.11L416.8,147.11L414.5,147.88L413.49,147.37L413.14,144.51L411.21,145.37L409.89,144.8L409.78,146.39L406.19,149.01L406.17,150.36L405.22,150.47L405.27,150.96L403.47,151.36L403.31,149.44L401.73,149.85L398.61,152.41L397.68,152.49L397.35,151.53L393.57,151.17L393.57,151.17L392.59,149.24L392.54,147.07L393.35,145.24L390.69,145.71L389.43,147.49L387.59,148.02L385.16,147.19L384.79,145.97L383.96,145.82L382.63,144.12L381.25,144.04L381.25,144.04L383.23,141.85L382.67,138.91L384.42,137.36L386.67,136.69L386.25,138.01L387.7,138.89L388.23,137.23L389.59,137.14L390.82,133.5L390.44,133.11L387.78,134.14L388.04,132.34L388.51,131.86L388.55,132.49L390.14,132.57L392.13,130.92L392.65,129.79L392.05,128.87L397.3,125.39L397.16,124.78L398.92,123.12L398.85,120.92L400.33,119.55L399.96,117.46L400.66,117.21L401.12,115.74L399.19,113.02z');
/*!40000 ALTER TABLE `provincias` ENABLE KEYS */;
UNLOCK TABLES;

--
-- Table structure for table `tipos_usuario`
--

DROP TABLE IF EXISTS `tipos_usuario`;
/*!40101 SET @saved_cs_client     = @@character_set_client */;
/*!40101 SET character_set_client = utf8 */;
CREATE TABLE `tipos_usuario` (
  `id` int(10) unsigned NOT NULL AUTO_INCREMENT,
  `nombre` varchar(20) COLLATE utf8mb4_unicode_ci NOT NULL,
  `created_at` timestamp NULL DEFAULT NULL,
  `updated_at` timestamp NULL DEFAULT NULL,
  `descripcion` varchar(45) COLLATE utf8mb4_unicode_ci DEFAULT NULL,
  PRIMARY KEY (`id`)
) ENGINE=InnoDB AUTO_INCREMENT=6 DEFAULT CHARSET=utf8mb4 COLLATE=utf8mb4_unicode_ci;
/*!40101 SET character_set_client = @saved_cs_client */;

--
-- Dumping data for table `tipos_usuario`
--

LOCK TABLES `tipos_usuario` WRITE;
/*!40000 ALTER TABLE `tipos_usuario` DISABLE KEYS */;
INSERT INTO `tipos_usuario` VALUES (1,'anunciante',NULL,NULL,'ANUNCIANTE'),(2,'adminProvincia',NULL,NULL,'ADMIN PROVINCIA'),(3,'delegado',NULL,NULL,'DELEGADO'),(4,'admin',NULL,NULL,'ADMIN'),(5,'colaborador',NULL,NULL,'COLABORADOR');
/*!40000 ALTER TABLE `tipos_usuario` ENABLE KEYS */;
UNLOCK TABLES;

--
-- Table structure for table `users`
--

DROP TABLE IF EXISTS `users`;
/*!40101 SET @saved_cs_client     = @@character_set_client */;
/*!40101 SET character_set_client = utf8 */;
CREATE TABLE `users` (
  `id` int(10) unsigned NOT NULL AUTO_INCREMENT,
  `first_name` varchar(255) CHARACTER SET utf8 DEFAULT NULL,
  `last_name` varchar(255) CHARACTER SET utf8 DEFAULT NULL,
  `name` varchar(255) CHARACTER SET utf8 NOT NULL,
  `email` varchar(255) COLLATE utf8_unicode_ci NOT NULL,
  `password` varchar(255) CHARACTER SET utf8 DEFAULT NULL,
  `tipo_usuario` varchar(255) CHARACTER SET utf8 DEFAULT NULL,
  `status` tinyint(4) DEFAULT NULL,
  `remember_token` varchar(100) COLLATE utf8_unicode_ci DEFAULT NULL,
  `created_at` timestamp NULL DEFAULT NULL,
  `updated_at` timestamp NULL DEFAULT NULL,
  `token` varchar(40) COLLATE utf8_unicode_ci DEFAULT NULL,
  `cuentapaypal` varchar(45) COLLATE utf8_unicode_ci DEFAULT NULL,
  PRIMARY KEY (`id`),
  UNIQUE KEY `users_username_unique` (`name`),
  UNIQUE KEY `users_email_unique` (`email`)
) ENGINE=InnoDB AUTO_INCREMENT=1027 DEFAULT CHARSET=utf8 COLLATE=utf8_unicode_ci;
/*!40101 SET character_set_client = @saved_cs_client */;

--
-- Dumping data for table `users`
--

LOCK TABLES `users` WRITE;
/*!40000 ALTER TABLE `users` DISABLE KEYS */;
INSERT INTO `users` VALUES (2,NULL,NULL,'joseba','japostua2@gmail.com','$2y$10$F6hXWtdv4R6KZorp90YJmOgtDgEttFITrWgPLJsB2DIhCkkUWwAFa','4',1,'yQeUZEZbzjk8CYSkuOxhiqckWRtPGSIxGpeQN3KVF0bYdbRi52kcBBDfLmBn','2017-04-06 16:36:37','2017-04-06 16:36:37',NULL,'josebaEADP@gmail.com'),(1020,NULL,NULL,'pedro','japostua1@gmail.com','$2y$10$VImACSsbL863yGlH/QSSS.CzvAGjaFrcz5M1.XBfSC9GRK646qaaC','2',1,'7LUbCTDczkhlEwXNa8OqbM7ExzDj9LZURpAc85QdDsLSJfxFkmSphC09qEEs',NULL,NULL,NULL,'pedroEADP@gmail.com'),(1021,NULL,NULL,'roberto','japostua3@gmail.com','$2y$10$HF8xEl6bBCBbxj/NCMx8f.uTQq9EfEJJAKdOmx5tBLpj2BuXwT0Sa','3',1,NULL,NULL,NULL,NULL,NULL),(1022,NULL,NULL,'raquel','japostua4@gmail.com','$2y$10$89w/bw9QyOuic7xWXAHrLObwcHf5LkQ4olNmrgGaWQb9y8qjV575C','1',1,'15LBJjrt8R5zpEBdxKJpMOMUncSpccNLBgjnEIMSruMlVMdnFjvrMZ8tZxBb',NULL,NULL,NULL,NULL),(1024,NULL,NULL,'alkdsjf','japostua@gmail.com','$2y$10$RuzxG3yfgm6pB2k1hqwXV.qTdZ4piPhwWpuVNU6yij.V/0FV/nOl2','1',0,'LippgDKI9dAvBJqXJ9NG5ZHc8XbzRJ7fZJC6bK0ALyrEHnP8NMYR6jaQbul0',NULL,NULL,'gAp7ej5r6hhlfe31o6qjE0RfPC1cBUjxyb4S8Qi8',NULL),(1026,NULL,NULL,'pedro primero','uoyrofxxxsoediv@gmail.com','$2y$10$VSmp2s1HHp1I7wp9SaeSVON9HJdUb8qd8Vwler878NKZOO4qbI/Bu','1',1,'LZq5eyaJjjUQn0TYVc3KoV01oBju7KVP3mKoCX1jKjySxZU8MKBUlCJA88dy',NULL,NULL,NULL,NULL);
/*!40000 ALTER TABLE `users` ENABLE KEYS */;
UNLOCK TABLES;

--
-- Table structure for table `usersAdmin`
--

DROP TABLE IF EXISTS `usersAdmin`;
/*!40101 SET @saved_cs_client     = @@character_set_client */;
/*!40101 SET character_set_client = utf8 */;
CREATE TABLE `usersAdmin` (
  `id` int(11) NOT NULL,
  `nombre` varchar(45) DEFAULT NULL,
  PRIMARY KEY (`id`)
) ENGINE=InnoDB DEFAULT CHARSET=latin1;
/*!40101 SET character_set_client = @saved_cs_client */;

--
-- Dumping data for table `usersAdmin`
--

LOCK TABLES `usersAdmin` WRITE;
/*!40000 ALTER TABLE `usersAdmin` DISABLE KEYS */;
INSERT INTO `usersAdmin` VALUES (2,'joseba'),(1019,NULL);
/*!40000 ALTER TABLE `usersAdmin` ENABLE KEYS */;
UNLOCK TABLES;

--
-- Table structure for table `usersAdminProvincia`
--

DROP TABLE IF EXISTS `usersAdminProvincia`;
/*!40101 SET @saved_cs_client     = @@character_set_client */;
/*!40101 SET character_set_client = utf8 */;
CREATE TABLE `usersAdminProvincia` (
  `id` int(11) NOT NULL,
  PRIMARY KEY (`id`)
) ENGINE=InnoDB DEFAULT CHARSET=latin1;
/*!40101 SET character_set_client = @saved_cs_client */;

--
-- Dumping data for table `usersAdminProvincia`
--

LOCK TABLES `usersAdminProvincia` WRITE;
/*!40000 ALTER TABLE `usersAdminProvincia` DISABLE KEYS */;
INSERT INTO `usersAdminProvincia` VALUES (1016),(1017),(1018),(1020);
/*!40000 ALTER TABLE `usersAdminProvincia` ENABLE KEYS */;
UNLOCK TABLES;

--
-- Table structure for table `usersAnunciante`
--

DROP TABLE IF EXISTS `usersAnunciante`;
/*!40101 SET @saved_cs_client     = @@character_set_client */;
/*!40101 SET character_set_client = utf8 */;
CREATE TABLE `usersAnunciante` (
  `id` int(11) NOT NULL,
  `idpartner` int(11) NOT NULL,
  `name` varchar(45) DEFAULT NULL,
  `dias_disponibles` int(11) DEFAULT NULL,
  PRIMARY KEY (`id`)
) ENGINE=InnoDB DEFAULT CHARSET=latin1;
/*!40101 SET character_set_client = @saved_cs_client */;

--
-- Dumping data for table `usersAnunciante`
--

LOCK TABLES `usersAnunciante` WRITE;
/*!40000 ALTER TABLE `usersAnunciante` DISABLE KEYS */;
INSERT INTO `usersAnunciante` VALUES (1022,2,NULL,36),(1024,2,NULL,242),(1026,2,NULL,268);
/*!40000 ALTER TABLE `usersAnunciante` ENABLE KEYS */;
UNLOCK TABLES;

--
-- Table structure for table `usersColaborador`
--

DROP TABLE IF EXISTS `usersColaborador`;
/*!40101 SET @saved_cs_client     = @@character_set_client */;
/*!40101 SET character_set_client = utf8 */;
CREATE TABLE `usersColaborador` (
  `id` int(11) NOT NULL,
  PRIMARY KEY (`id`),
  UNIQUE KEY `id_UNIQUE` (`id`)
) ENGINE=InnoDB DEFAULT CHARSET=latin1;
/*!40101 SET character_set_client = @saved_cs_client */;

--
-- Dumping data for table `usersColaborador`
--

LOCK TABLES `usersColaborador` WRITE;
/*!40000 ALTER TABLE `usersColaborador` DISABLE KEYS */;
/*!40000 ALTER TABLE `usersColaborador` ENABLE KEYS */;
UNLOCK TABLES;

--
-- Table structure for table `usersDelegado`
--

DROP TABLE IF EXISTS `usersDelegado`;
/*!40101 SET @saved_cs_client     = @@character_set_client */;
/*!40101 SET character_set_client = utf8 */;
CREATE TABLE `usersDelegado` (
  `id` int(11) NOT NULL,
  `nombre` varchar(45) DEFAULT NULL,
  PRIMARY KEY (`id`)
) ENGINE=InnoDB DEFAULT CHARSET=latin1;
/*!40101 SET character_set_client = @saved_cs_client */;

--
-- Dumping data for table `usersDelegado`
--

LOCK TABLES `usersDelegado` WRITE;
/*!40000 ALTER TABLE `usersDelegado` DISABLE KEYS */;
INSERT INTO `usersDelegado` VALUES (1021,NULL);
/*!40000 ALTER TABLE `usersDelegado` ENABLE KEYS */;
UNLOCK TABLES;
/*!40103 SET TIME_ZONE=@OLD_TIME_ZONE */;

/*!40101 SET SQL_MODE=@OLD_SQL_MODE */;
/*!40014 SET FOREIGN_KEY_CHECKS=@OLD_FOREIGN_KEY_CHECKS */;
/*!40014 SET UNIQUE_CHECKS=@OLD_UNIQUE_CHECKS */;
/*!40101 SET CHARACTER_SET_CLIENT=@OLD_CHARACTER_SET_CLIENT */;
/*!40101 SET CHARACTER_SET_RESULTS=@OLD_CHARACTER_SET_RESULTS */;
/*!40101 SET COLLATION_CONNECTION=@OLD_COLLATION_CONNECTION */;
/*!40111 SET SQL_NOTES=@OLD_SQL_NOTES */;

-- Dump completed on 2019-03-03  1:37:35
